ID,Departure Airport ID,Arrival Airport ID,Airline ID,Aircraft ID,Delayed
1,970,8266,690,119,0
2,166,7449,214,13,0
3,3744,12009,720,198,0
4,3920,3852,659,43,0
5,825,9818,661,66,0
6,5557,1989,798,57,0
7,6968,764,516,3,1
8,6727,3078,208,52,0
9,8238,3637,851,85,1
10,7450,5652,745,204,0
11,5676,7111,293,52,1
12,2984,1295,807,38,0
13,5534,2551,331,64,0
14,6388,8542,572,76,0
15,13723,11945,58,186,0
16,3620,11786,891,186,0
17,3663,11771,679,126,0
18,5792,2133,206,205,0
19,1789,2334,1142,168,0
20,2737,8104,312,69,0
21,7301,12049,1213,213,1
22,3139,8713,236,91,0
23,649,11870,930,210,1
24,2599,8482,1097,45,0
25,3575,5437,779,25,0
26,4301,2323,308,205,0
27,6289,338,363,80,0
28,9103,889,510,187,1
29,11268,2167,980,147,1
30,4335,11134,981,175,1
31,2254,1772,434,178,1
32,13624,213,437,207,1
33,5550,4312,30,152,0
34,645,735,623,162,1
35,5425,3235,663,13,1
36,3852,9806,1176,211,0
37,7588,4216,92,236,0
38,3171,6208,476,134,0
39,6740,3643,699,173,1
40,5615,10800,358,2,1
41,10173,8030,433,18,0
42,684,1089,574,55,1
43,6102,539,870,22,0
44,7519,7292,1250,104,0
45,8872,512,850,135,0
46,950,2119,986,102,0
47,2993,8308,1048,164,1
48,946,3908,1065,90,0
49,921,369,1094,104,0
50,3417,6894,1238,140,0
51,8349,2213,349,227,0
52,11974,1235,1159,73,0
53,3599,1875,729,133,0
54,1094,1872,332,210,1
55,8700,825,238,152,0
56,7558,792,4,56,1
57,13361,1410,987,36,0
58,3657,14098,172,203,0
59,9820,13229,838,105,1
60,2854,855,1153,36,1
61,3148,3414,1221,191,0
62,4015,584,262,197,1
63,13425,2443,745,19,1
64,8889,2440,297,38,1
65,1721,13347,238,162,0
66,7642,7111,1193,50,1
67,9138,11852,168,110,0
68,6434,1048,590,225,0
69,203,3181,406,219,1
70,13593,4373,818,94,0
71,7317,13075,268,244,0
72,8136,818,161,4,0
73,13595,6998,359,79,0
74,3337,2143,1109,205,1
75,1270,530,815,133,1
76,2790,2992,956,149,1
77,3521,6239,10,128,1
78,14088,725,1076,98,1
79,638,13477,625,35,1
80,12053,8247,154,117,1
81,2737,2816,285,124,0
82,3847,53,492,102,0
83,224,9071,645,167,1
84,4327,1031,107,133,0
85,13456,7130,1156,175,1
86,358,3765,269,157,0
87,608,3798,1121,216,1
88,902,9777,705,94,0
89,11051,12013,224,101,0
90,4291,505,310,66,1
91,6712,7547,314,189,0
92,5588,3165,101,177,1
93,2839,2019,634,72,1
94,13772,1972,1229,110,1
95,3475,6782,721,166,1
96,6295,269,687,244,0
97,6393,10800,1123,4,0
98,5900,5848,634,134,1
99,512,7918,1138,169,0
100,11832,6160,258,152,0
101,7263,13427,786,132,0
102,9071,11290,904,61,1
103,3125,3777,489,124,0
104,1185,8252,130,232,1
105,1368,11049,600,38,1
106,1606,12165,449,127,0
107,181,2482,172,139,1
108,1280,712,391,151,0
109,8294,13759,327,134,1
110,13430,745,616,172,0
111,11134,2264,389,183,1
112,2733,3356,509,95,0
113,8259,7020,698,187,1
114,567,32,166,12,0
115,568,411,430,203,1
116,11764,9232,228,158,0
117,4318,2675,530,10,0
118,13114,916,909,239,0
119,5653,719,1044,9,0
120,11094,3281,515,124,0
121,1364,2390,406,117,0
122,2773,6238,593,13,1
123,5615,5747,1209,102,0
124,6040,7592,746,66,0
125,8853,6202,1084,65,0
126,2020,6328,1148,197,0
127,2190,10753,1031,113,0
128,10186,3872,984,11,0
129,6299,429,1019,133,1
130,6347,496,899,107,0
131,4313,81,246,210,0
132,3567,9777,1073,145,0
133,8162,9089,470,173,0
134,1017,1623,969,233,1
135,410,11291,1182,47,0
136,450,2190,1065,29,0
137,2053,6333,1016,36,0
138,8785,2652,191,244,0
139,1270,6956,983,169,0
140,7984,180,472,33,1
141,2114,7710,607,2,0
142,6339,1671,843,40,0
143,6389,6413,1121,151,0
144,4376,11201,720,99,0
145,1685,7453,948,9,1
146,1080,12183,69,38,0
147,219,2795,113,52,0
148,3172,8107,957,157,0
149,2806,11903,147,204,1
150,2695,489,468,197,0
151,3259,5441,1176,92,0
152,2344,12951,432,145,1
153,1749,3424,798,225,0
154,12918,3022,1215,136,0
155,3777,2440,646,98,0
156,1317,2910,700,41,0
157,3039,6934,129,243,0
158,512,3965,1225,74,0
159,3095,47,1050,206,0
160,627,4052,774,228,0
161,278,4208,1,190,0
162,8996,5859,986,98,0
163,517,4008,915,240,0
164,969,6301,807,64,1
165,7769,851,698,166,0
166,957,173,826,93,1
167,8334,12856,303,25,0
168,9511,5919,303,140,1
169,399,8189,1032,30,1
170,6283,11964,719,146,0
171,3377,7976,914,201,0
172,6255,11918,356,154,0
173,1657,839,914,189,0
174,7768,8931,1175,161,1
175,9542,422,901,160,0
176,498,12069,781,88,1
177,2009,3461,357,236,0
178,8350,2165,1091,229,0
179,3914,7095,1182,225,1
180,1825,575,405,62,0
181,3531,11949,482,147,1
182,976,6334,680,36,0
183,1139,538,63,37,0
184,11854,11178,27,196,0
185,3331,997,184,127,0
186,7426,13307,750,142,0
187,14106,6406,968,103,1
188,5534,148,514,63,0
189,5685,6068,189,76,1
190,8080,8873,628,67,0
191,1626,6402,496,38,0
192,13668,148,251,162,1
193,6909,95,81,65,1
194,714,7129,1190,105,1
195,155,158,1057,191,0
196,6843,7596,794,191,0
197,5,6156,469,115,0
198,8632,2787,443,124,0
199,7188,1083,1138,13,1
200,13142,11859,1203,118,1
201,8701,461,903,85,0
202,204,1020,615,200,0
203,3723,2000,422,220,1
204,2311,6254,413,123,1
205,1404,3355,325,182,0
206,2989,2182,775,52,0
207,8683,6095,100,69,0
208,821,9238,727,232,1
209,3422,12036,572,125,1
210,1937,2444,783,227,0
211,3313,6264,391,140,0
212,7009,6268,344,35,1
213,663,2736,1255,49,0
214,5654,3700,992,153,0
215,2260,968,1064,37,1
216,432,7856,197,176,0
217,11854,2481,1214,194,0
218,9129,3895,711,181,1
219,7500,13268,124,156,1
220,6432,8873,333,9,0
221,4157,1731,328,131,1
222,87,1995,368,83,1
223,1503,3759,398,151,0
224,13561,11906,551,231,1
225,1897,412,423,184,1
226,3882,8050,1198,9,0
227,13447,1222,700,39,0
228,10747,1246,999,231,0
229,3330,6719,17,223,0
230,9247,2743,888,119,0
231,3648,5755,58,19,1
232,8613,5512,883,171,0
233,11079,13525,644,44,0
234,5482,5583,439,222,1
235,3230,5897,325,145,0
236,1834,9412,73,88,0
237,7720,4213,467,146,1
238,2069,8352,792,65,0
239,2633,8293,392,68,1
240,3259,692,239,183,0
241,2430,3230,639,28,0
242,7432,2706,893,240,0
243,4157,380,173,54,0
244,8033,2980,59,101,0
245,5810,1278,701,214,0
246,1849,1398,805,103,1
247,7980,244,49,113,0
248,11960,1358,1179,142,0
249,1578,2629,709,211,0
250,194,3501,362,184,0
251,1633,892,704,157,0
252,378,8034,1043,222,0
253,6361,71,115,18,0
254,719,5672,1014,99,1
255,2830,8462,914,126,0
256,6187,3265,496,80,0
257,6121,4050,1119,212,0
258,13020,11290,285,129,0
259,1741,8723,876,3,0
260,1749,4059,27,241,0
261,4166,7892,778,32,1
262,156,9411,1188,112,0
263,3572,245,1238,177,1
264,8247,1591,792,192,1
265,3825,5556,660,76,0
266,3311,9396,210,27,0
267,13711,5964,971,143,1
268,13422,5901,1128,18,0
269,9251,11111,925,13,1
270,4124,6038,155,55,0
271,878,3237,1190,7,0
272,12090,79,200,228,0
273,7217,8362,867,145,0
274,3938,1498,443,101,0
275,6175,3057,1224,4,1
276,2022,3717,77,32,1
277,1531,6194,580,42,0
278,1928,168,287,123,1
279,3055,2367,458,60,1
280,3130,1454,835,142,1
281,1827,12921,676,215,0
282,1471,7985,152,65,1
283,7701,13636,830,39,1
284,7199,3094,1210,235,0
285,8109,282,461,70,0
286,76,8294,511,33,0
287,3107,1294,395,8,0
288,8670,1669,1102,205,0
289,8192,1144,523,205,1
290,2873,5963,594,122,0
291,6300,11914,563,150,0
292,7111,3048,954,112,0
293,871,3363,384,79,1
294,5521,13227,733,195,0
295,6781,4307,686,1,0
296,8890,5791,200,37,0
297,7129,1956,548,54,1
298,2573,7776,128,200,0
299,2682,3587,176,228,0
300,2812,680,593,53,0
301,1604,1489,1058,49,1
302,2326,6057,930,190,0
303,1231,4342,246,14,0
304,1253,3990,429,231,0
305,431,63,979,243,1
306,1871,4046,212,88,1
307,2332,380,1156,160,1
308,2006,2727,1241,214,0
309,6232,13623,584,219,0
310,634,1119,1238,134,1
311,1766,3121,990,165,0
312,1524,3101,856,170,1
313,76,5682,942,186,1
314,736,9236,47,138,1
315,2371,7332,761,182,1
316,13583,1526,1234,146,0
317,7359,1426,167,79,0
318,2265,9373,371,31,0
319,5738,8243,618,165,1
320,4271,1499,1224,29,1
321,4014,6910,925,72,1
322,287,3879,449,201,0
323,3262,4119,992,232,0
324,6458,6323,1083,237,1
325,7780,2259,278,105,1
326,9417,3501,1237,155,1
327,2378,12047,91,84,0
328,11088,2205,395,29,0
329,260,3936,427,222,0
330,6426,6169,509,80,0
331,13671,6056,876,181,0
332,3258,2037,1204,121,0
333,959,5840,305,76,1
334,3023,3329,719,171,0
335,324,6924,584,122,1
336,768,3145,284,123,0
337,1257,1262,533,182,1
338,1884,4152,1008,169,0
339,8894,2081,1072,207,0
340,11785,9394,27,107,0
341,11498,9088,788,168,0
342,2525,8924,966,214,0
343,8611,66,433,1,0
344,7424,8524,835,234,1
345,3640,11853,1026,190,0
346,7261,8620,127,52,0
347,8225,52,760,115,0
348,6012,4350,542,208,0
349,8512,11790,1228,61,0
350,2948,3859,965,24,1
351,7301,3757,696,130,0
352,6964,1814,417,6,0
353,1235,4303,552,4,1
354,796,2053,45,50,0
355,240,8996,470,187,0
356,2601,750,496,113,0
357,11389,6905,721,242,0
358,3145,7047,570,42,0
359,2438,6297,278,187,0
360,480,10611,1128,40,0
361,1872,76,201,229,0
362,1511,9199,974,198,1
363,8098,1103,321,161,0
364,3035,6791,27,220,0
365,6020,534,58,198,1
366,7272,7086,131,80,0
367,10145,5631,680,123,1
368,2246,8604,972,183,1
369,7830,966,275,233,0
370,5609,6500,1139,109,1
371,7556,5649,675,200,0
372,2804,6018,199,148,1
373,2597,6116,670,165,0
374,3509,6415,56,69,1
375,2392,13649,464,45,0
376,7162,275,342,197,0
377,1564,8241,395,103,0
378,11928,6013,1136,159,0
379,2307,12844,709,197,1
380,9004,1833,189,217,0
381,6373,7837,654,204,1
382,9062,1845,1159,98,0
383,8698,11811,205,164,0
384,13365,13635,460,207,0
385,2065,342,41,6,0
386,2593,1972,1228,78,0
387,4030,11178,62,231,0
388,6241,83,971,105,0
389,961,1021,165,221,0
390,5891,13481,1184,33,0
391,7371,554,127,35,1
392,759,8239,914,48,0
393,5848,2934,1207,176,0
394,1900,8116,348,45,0
395,6252,1948,786,158,1
396,2440,6309,784,228,0
397,6975,13513,681,197,1
398,1639,7775,1238,81,1
399,2029,2752,913,124,0
400,475,2442,218,41,0
401,8182,1060,1191,169,1
402,11920,2021,69,189,0
403,5531,2256,88,169,1
404,4021,2391,882,189,1
405,2348,5555,710,237,0
406,3839,4316,902,241,0
407,3511,13452,398,61,0
408,1829,4322,502,80,0
409,13144,8984,1084,184,0
410,7061,7396,770,22,0
411,1592,136,895,102,0
412,5567,11206,604,78,1
413,6926,7498,1082,165,1
414,1091,6198,548,235,0
415,675,2379,1150,66,0
416,8785,2370,241,165,0
417,2536,62,619,68,0
418,5734,7135,826,242,0
419,55,17,921,234,0
420,9826,3704,689,205,0
421,1628,950,1135,46,0
422,2814,3150,664,101,0
423,4382,1915,236,218,1
424,7061,3677,115,219,1
425,6742,7054,262,116,1
426,3965,2008,1136,3,0
427,3058,5994,413,3,0
428,1296,8703,113,123,1
429,842,13006,1130,29,1
430,2706,2925,258,72,0
431,6158,3782,811,165,1
432,1762,9054,880,126,1
433,13550,588,125,232,0
434,13624,8111,299,42,1
435,8847,1528,592,58,0
436,1409,7037,821,241,0
437,5416,840,1149,150,1
438,1760,3575,1003,215,1
439,2059,2533,419,233,0
440,2188,2077,478,198,0
441,2014,6756,770,168,1
442,8366,3288,900,198,0
443,2710,2164,33,148,0
444,2319,2218,1219,183,0
445,10776,7017,658,217,0
446,5588,3707,1133,209,1
447,1553,4112,732,35,0
448,1197,3910,247,175,1
449,4271,1165,173,134,0
450,1373,9139,534,242,0
451,5511,1827,619,180,0
452,11957,8102,347,46,1
453,5763,8517,229,134,0
454,3185,12618,891,86,1
455,9140,1707,1057,57,1
456,326,12796,420,98,0
457,2603,4109,1073,192,1
458,1210,683,689,191,0
459,3390,3295,569,169,1
460,3068,7657,659,186,1
461,10017,7486,1012,236,0
462,1656,83,767,180,1
463,11771,1997,793,38,1
464,8136,8510,1212,105,0
465,5565,6833,1116,184,1
466,530,8850,620,108,0
467,1132,13265,1130,215,1
468,5650,1367,592,232,0
469,5962,8030,829,120,0
470,3515,2083,721,237,0
471,1963,5857,977,47,0
472,5421,1014,1099,118,0
473,6268,5724,1121,123,0
474,7061,3572,853,52,0
475,12941,4359,65,162,0
476,1736,6165,906,55,0
477,8280,1957,1255,143,1
478,3301,11901,1228,68,0
479,368,13580,1029,184,1
480,535,7125,1060,44,0
481,8106,706,594,99,0
482,55,2587,430,88,0
483,2736,8996,922,55,0
484,2169,8944,92,72,0
485,10140,6171,528,124,1
486,1190,398,577,64,0
487,2371,2064,577,34,1
488,1211,2987,383,132,0
489,1121,2484,211,226,1
490,7077,2973,378,93,0
491,730,13438,355,64,1
492,6059,11719,419,10,0
493,2847,11920,379,105,0
494,5564,180,576,130,0
495,1171,2606,732,221,1
496,895,6089,160,92,1
497,5782,7622,36,3,0
498,10752,3472,182,11,1
499,8142,8848,22,206,1
500,7429,281,440,231,0
501,658,8779,1224,241,1
502,5624,1272,4,227,0
503,559,863,925,65,0
504,2647,655,978,204,0
505,11200,706,131,140,0
506,11947,1749,736,35,0
507,2838,5945,94,222,1
508,3353,6399,595,15,0
509,7990,2887,999,164,1
510,8618,6031,520,161,0
511,13356,2064,514,117,0
512,9935,6425,702,170,0
513,1765,5428,1019,160,1
514,5728,1598,1093,39,1
515,3678,1444,1220,46,1
516,2743,12444,404,38,0
517,8419,8318,122,138,0
518,4214,2474,214,54,0
519,1128,3074,295,68,0
520,3929,8654,532,92,0
521,3374,3055,142,22,0
522,7293,1781,1248,159,0
523,8690,1268,668,163,1
524,7307,9939,62,232,0
525,3992,1830,772,172,0
526,614,13721,880,30,0
527,943,1738,623,234,0
528,6431,7081,919,20,1
529,6323,3756,1018,94,0
530,2679,4319,520,50,0
531,1535,3154,6,45,0
532,7268,3500,313,88,1
533,3456,5753,533,9,0
534,5913,973,263,125,0
535,2528,3668,585,194,0
536,3108,1716,583,30,0
537,9820,6898,1239,109,1
538,1439,1575,984,59,0
539,5610,2311,407,86,1
540,8514,9402,403,147,0
541,13355,7872,527,126,1
542,4065,8227,952,65,1
543,7822,5707,776,91,1
544,549,3434,984,99,1
545,916,7056,1077,222,1
546,6251,6954,1169,68,1
547,2901,4178,731,193,1
548,2485,2897,220,19,1
549,4138,11991,776,80,1
550,836,2366,126,60,0
551,13500,2297,284,230,1
552,9065,844,704,28,1
553,7649,3523,112,115,1
554,4108,181,486,239,0
555,5629,8000,216,179,1
556,880,4302,1212,242,0
557,2127,622,456,110,0
558,14108,5757,1235,215,0
559,2955,6250,1051,177,0
560,5810,6238,953,174,1
561,138,345,173,71,0
562,6334,10,460,122,1
563,2479,4008,908,132,0
564,2666,2485,1067,50,0
565,6207,5734,722,216,1
566,9139,13355,898,85,0
567,6058,11356,1078,4,0
568,6374,5506,870,153,0
569,6413,8312,564,97,1
570,2190,293,1139,131,1
571,7863,10103,576,23,0
572,1116,584,583,198,0
573,2085,171,763,9,1
574,6732,5772,327,218,1
575,1721,6728,550,99,0
576,13669,8050,189,232,1
577,6111,897,294,223,0
578,6166,3694,374,38,0
579,6731,3284,1052,80,0
580,7725,9228,909,190,1
581,2573,13429,794,194,0
582,5718,7182,728,62,0
583,5742,9546,82,133,1
584,8507,6317,1192,222,0
585,1637,6123,1151,34,0
586,9474,1031,474,203,1
587,13485,3635,977,99,0
588,1063,5513,209,15,1
589,274,304,683,112,1
590,11291,2878,931,123,0
591,2173,300,627,62,1
592,6986,7496,970,221,0
593,13361,4199,34,202,0
594,3200,273,285,147,1
595,2019,9371,615,106,0
596,3854,5938,649,183,0
597,3276,1640,623,169,1
598,5768,11129,1167,207,1
599,1633,6102,334,179,0
600,12980,8954,376,189,0
601,4299,11702,1236,137,0
602,1351,5533,723,95,1
603,7827,8139,650,193,1
604,13265,1482,730,38,0
605,2745,404,859,233,0
606,7380,6191,1081,62,1
607,2833,753,923,72,0
608,3756,3343,876,224,1
609,2636,6762,565,74,0
610,1642,7601,720,14,0
611,11053,1926,1118,241,0
612,8298,2319,243,196,0
613,6411,5742,506,122,0
614,8747,1487,631,216,1
615,7457,3549,712,244,0
616,2659,4280,892,78,0
617,2711,13372,113,236,0
618,5642,2954,546,103,0
619,8932,13608,74,161,0
620,1880,6376,745,74,0
621,11742,1274,78,89,0
622,3148,6289,48,83,0
623,866,7840,322,45,1
624,3582,13371,302,29,0
625,2962,1134,274,97,1
626,13074,759,527,68,0
627,8972,4360,384,130,0
628,2965,3402,562,208,1
629,11129,1402,421,117,0
630,7892,6331,630,84,1
631,9418,1814,204,161,0
632,7361,4308,594,204,0
633,320,1131,712,67,0
634,13717,3823,589,128,0
635,11779,1319,1141,93,0
636,1419,11937,756,200,0
637,6748,11884,983,141,0
638,658,2517,141,206,1
639,1777,3469,661,242,1
640,6251,3246,1018,50,0
641,1930,8862,1127,52,0
642,1439,11139,432,75,1
643,7987,2167,369,153,1
644,372,13422,355,81,0
645,3713,7558,504,61,0
646,11080,1456,1206,124,0
647,133,3243,1115,136,1
648,3859,2235,816,25,0
649,622,7446,971,212,0
650,8503,1628,968,54,1
651,1072,179,719,163,0
652,2386,9062,925,232,1
653,134,12469,156,118,0
654,7821,11010,675,188,1
655,1993,3069,45,115,1
656,6077,8250,979,200,0
657,1715,6783,631,114,0
658,1187,3973,892,110,1
659,7888,1989,1105,85,0
660,8035,5513,314,166,0
661,4371,3603,848,75,0
662,3409,76,387,21,1
663,11353,2931,711,12,1
664,4222,6964,1179,210,1
665,3427,231,1067,119,0
666,817,536,863,86,1
667,7517,6395,1061,118,0
668,3575,6004,348,47,0
669,8604,12005,850,219,0
670,1385,49,1088,127,1
671,450,13713,588,36,0
672,13460,6771,1053,195,0
673,3275,2790,992,19,0
674,7363,5548,339,183,1
675,3459,2597,1068,211,0
676,5652,6792,526,186,1
677,7063,2701,602,89,0
678,180,3882,564,49,1
679,3965,72,827,111,0
680,5560,3908,1098,242,0
681,13369,1997,1154,4,1
682,6241,3124,267,206,0
683,6300,13573,119,119,1
684,7694,3992,961,231,1
685,1870,8468,387,1,0
686,9053,2652,911,16,0
687,5628,1643,1154,159,0
688,3682,4072,772,74,0
689,3070,2590,97,27,1
690,12053,11082,921,212,0
691,4285,3601,386,83,0
692,1342,6350,271,14,1
693,6238,3954,447,26,0
694,3141,352,732,133,0
695,8445,1753,220,31,0
696,2496,2858,1157,147,1
697,615,2907,172,178,0
698,3957,11095,416,67,0
699,7309,6907,1083,187,1
700,6933,278,446,174,0
701,1627,2058,232,243,0
702,1144,2871,172,107,0
703,2406,13209,704,121,0
704,371,6011,1197,167,0
705,628,170,192,182,0
706,3831,361,1167,223,0
707,6383,12048,1081,117,0
708,9492,8298,240,118,0
709,2791,4062,306,48,0
710,13485,314,356,64,1
711,7596,5969,321,9,1
712,3109,5928,448,86,1
713,3171,12050,1141,237,0
714,7826,289,738,230,0
715,3319,8694,260,54,1
716,3358,1611,43,82,0
717,3139,6301,1104,23,0
718,632,1766,567,156,1
719,784,9378,544,112,0
720,8625,7692,154,149,1
721,8873,243,257,144,0
722,14101,6298,888,191,1
723,13069,3476,503,43,0
724,2717,6755,72,188,0
725,2451,11649,381,162,1
726,10154,13354,1193,14,0
727,9759,375,233,225,0
728,7982,704,671,8,0
729,2752,9373,915,144,0
730,2038,5798,182,122,0
731,1314,6340,929,93,1
732,3348,1980,346,246,0
733,849,1802,346,221,0
734,8359,2542,1204,172,0
735,3243,601,836,191,0
736,7941,266,1177,103,0
737,482,1663,1100,163,1
738,7857,7254,731,212,0
739,3278,619,1105,128,0
740,6720,6221,684,167,0
741,6816,36,505,130,0
742,3107,2679,855,225,1
743,876,6332,538,111,1
744,6974,5636,335,102,0
745,7716,10161,1226,226,0
746,7571,3548,245,158,0
747,1134,2511,59,18,0
748,2566,1954,725,197,1
749,6170,11898,604,27,0
750,7046,6951,923,3,1
751,2031,1200,1221,93,1
752,5847,2347,774,49,0
753,35,11963,757,207,1
754,12018,2466,499,243,0
755,2187,1213,206,114,1
756,602,7419,1225,14,1
757,2926,1658,945,158,1
758,1858,4328,362,83,0
759,1951,1053,397,95,0
760,353,942,1168,34,1
761,8194,2074,676,28,0
762,11079,2598,786,90,1
763,8228,5575,597,132,1
764,3440,8093,219,215,0
765,2896,2587,1119,16,0
766,8281,9886,480,227,1
767,7861,7424,346,12,0
768,8430,1010,439,147,1
769,8718,6930,238,30,0
770,1757,3897,567,230,1
771,2168,3905,912,229,1
772,315,2364,206,136,0
773,12007,778,443,222,0
774,3636,9763,1226,223,1
775,1457,1600,125,161,0
776,5672,7458,891,1,1
777,9237,1400,1207,58,0
778,12024,359,667,220,1
779,8397,7729,957,34,0
780,6849,10139,621,42,0
781,11841,1630,663,181,1
782,8381,11673,766,8,1
783,8658,1992,752,112,1
784,5557,3503,747,100,1
785,1742,11912,669,243,0
786,1573,3693,911,155,0
787,8141,188,604,226,0
788,8042,781,787,69,0
789,12941,3765,606,183,1
790,850,1531,769,85,1
791,2459,5530,1108,159,1
792,973,9753,1235,238,0
793,1186,8507,990,110,0
794,51,461,209,199,1
795,10949,4043,775,223,1
796,2109,3449,556,52,1
797,6304,3489,813,225,1
798,2795,2058,609,224,0
799,11937,3619,817,50,0
800,1302,5939,909,76,1
801,5837,1633,156,223,1
802,7659,2538,588,142,0
803,1267,3507,265,82,0
804,11788,2774,493,229,0
805,7619,2604,128,13,0
806,4102,2711,807,223,1
807,554,4146,84,91,1
808,6493,1182,1085,12,1
809,12360,3758,681,210,0
810,614,2838,1245,182,0
811,3725,5568,378,129,0
812,8357,2993,499,178,0
813,3117,6829,407,41,0
814,2765,7280,733,200,0
815,2293,3272,487,82,0
816,6206,866,1205,64,0
817,2242,11718,667,172,0
818,8296,6420,953,84,0
819,6318,585,283,185,0
820,11987,3045,366,81,1
821,12618,2939,810,50,0
822,83,1134,891,17,1
823,3698,11763,628,133,0
824,2163,5682,26,180,0
825,6787,11170,1041,237,1
826,6862,2213,640,141,1
827,3048,6866,258,177,0
828,11277,2352,737,112,0
829,3528,1085,36,203,1
830,1769,1784,555,136,0
831,12844,5920,1122,141,1
832,3988,14098,354,118,1
833,701,11987,369,52,0
834,2082,4098,1188,68,1
835,2734,2308,574,80,0
836,4043,11745,482,9,0
837,11673,3510,358,177,1
838,1800,2375,325,237,0
839,14099,1716,1213,111,1
840,7871,3975,304,47,0
841,579,5789,1133,49,1
842,12007,1805,328,216,0
843,7091,7213,391,169,0
844,301,1987,713,8,1
845,9820,2704,1183,168,0
846,6844,967,63,45,0
847,3060,3656,878,63,0
848,3890,6043,468,188,0
849,2676,9753,282,62,0
850,3016,20,941,159,0
851,6958,1775,507,98,0
852,12217,2923,1034,212,0
853,2652,6781,42,120,1
854,11878,7202,478,22,0
855,2283,12640,1214,101,1
856,1566,4354,431,239,0
857,193,3316,607,45,0
858,7076,823,994,195,0
859,8473,3842,131,36,0
860,2568,13360,40,232,0
861,1088,4244,283,47,1
862,2809,628,886,217,1
863,1266,1229,614,208,1
864,6080,200,762,39,0
865,7849,2203,835,119,0
866,6873,3487,644,58,1
867,6211,8958,1220,93,0
868,13550,8820,1184,76,0
869,3275,5494,380,158,1
870,524,13020,558,190,0
871,7047,8742,269,108,0
872,3341,2135,374,219,0
873,7571,6720,362,169,1
874,1391,1527,81,213,1
875,7692,650,1058,188,0
876,4012,4348,914,189,0
877,3830,2326,276,15,1
878,936,1086,521,152,1
879,9004,7516,425,49,0
880,7777,8124,556,187,0
881,10831,11916,172,31,0
882,11878,6217,440,17,0
883,591,12618,613,3,1
884,2485,6210,1120,204,0
885,7064,6189,382,93,1
886,3089,3803,9,33,1
887,5921,5856,560,242,0
888,532,1404,589,97,0
889,11745,2151,539,60,0
890,11331,5519,606,148,1
891,1662,7724,831,204,1
892,2592,1710,385,90,0
893,5965,3395,1006,231,0
894,11011,2622,351,170,0
895,1560,739,1023,107,1
896,11072,860,1099,25,0
897,6249,6085,1249,204,0
898,1020,3693,268,30,1
899,861,7094,874,28,0
900,7242,5925,960,175,0
901,11751,339,953,187,1
902,11959,13364,273,110,0
903,7849,8134,1115,18,0
904,5771,7805,840,138,1
905,1760,1989,167,204,0
906,807,11797,543,169,0
907,6234,12951,382,242,0
908,13233,1924,226,215,0
909,1278,5678,705,145,1
910,3496,6929,147,144,0
911,522,561,874,232,1
912,9163,961,164,103,1
913,110,13500,801,208,0
914,11840,13609,181,228,1
915,2271,29,345,175,0
916,3940,5612,1097,135,1
917,5544,3942,242,47,1
918,10164,2940,927,86,1
919,1498,2455,679,208,1
920,4048,1405,645,190,0
921,8695,8694,644,203,1
922,8419,2893,1019,243,0
923,3932,2171,701,157,0
924,9826,11890,597,148,1
925,2143,2705,563,105,0
926,890,13456,780,185,0
927,2060,2277,1115,57,1
928,4144,6899,1160,172,0
929,13075,2550,392,8,0
930,878,1984,113,1,0
931,11813,2023,1107,186,0
932,2874,4185,961,62,1
933,6253,3316,565,80,0
934,10148,775,1142,147,0
935,12310,3184,583,240,1
936,8278,8544,854,166,0
937,1323,438,1025,150,1
938,1131,946,609,7,0
939,3550,1305,930,8,1
940,1159,11078,776,6,0
941,4327,6870,28,166,0
942,7,7233,564,238,1
943,7261,1200,35,197,0
944,6762,8556,1167,221,1
945,299,11816,316,126,0
946,3570,7517,637,128,1
947,7573,8777,571,132,1
948,2196,1543,902,217,1
949,5512,3275,512,199,0
950,697,4253,932,208,0
951,1265,4007,514,153,0
952,372,2078,884,116,1
953,8188,2567,652,214,0
954,96,3653,974,8,0
955,6061,315,929,138,0
956,1809,10163,594,70,0
957,3464,13473,1249,109,1
958,8621,11889,329,36,0
959,1395,2591,1078,79,1
960,8033,496,619,220,1
961,7617,2301,1002,119,1
962,185,189,1225,79,0
963,299,998,510,198,0
964,612,1659,523,103,0
965,869,10,475,42,0
966,6482,6915,871,31,0
967,153,3215,54,157,1
968,7098,1574,504,66,0
969,3974,224,1188,173,0
970,11749,1104,75,191,1
971,8948,3527,92,59,0
972,13793,9380,80,62,0
973,13437,13435,982,131,0
974,176,6740,1132,133,0
975,2218,961,642,191,0
976,13630,1247,346,75,1
977,1468,8103,1023,237,0
978,2544,1867,1158,153,1
979,842,8544,217,126,0
980,2598,6778,394,139,0
981,13077,11850,146,110,1
982,11784,7355,448,141,0
983,554,2284,442,202,0
984,2057,972,935,30,1
985,1509,6782,611,224,1
986,6435,5787,511,5,0
987,3450,8701,15,42,0
988,1165,7317,208,90,0
989,1503,846,970,13,1
990,13072,318,1042,18,1
991,280,7146,127,195,0
992,2039,456,21,106,1
993,7256,2912,327,189,1
994,2490,9372,1185,98,0
995,10611,63,1148,199,0
996,195,3791,168,210,0
997,3229,3703,782,227,0
998,1285,11835,465,30,1
999,3092,3143,910,112,1
1000,7246,1934,852,52,0
1001,12,5474,32,12,0
1002,1871,5618,443,243,0
1003,3900,1543,1048,43,0
1004,491,2452,630,81,0
1005,6153,9754,1147,241,0
1006,3029,3242,686,144,0
1007,11355,2383,38,158,1
1008,1586,6894,850,19,1
1009,521,1587,1190,93,0
1010,2520,4197,565,123,0
1011,7340,1043,822,187,0
1012,2737,8975,306,206,1
1013,3662,929,291,137,0
1014,6180,5721,791,159,0
1015,6267,7982,1119,198,0
1016,3791,7670,1219,244,1
1017,11921,8148,100,79,1
1018,452,366,713,95,0
1019,1200,9939,379,242,1
1020,13193,3930,620,175,1
1021,7792,15,366,196,1
1022,1904,11051,275,135,0
1023,3715,2512,1159,118,1
1024,1050,7320,996,12,0
1025,1653,11916,249,234,0
1026,14104,5860,981,70,0
1027,5726,3821,896,34,0
1028,6380,5571,1144,111,0
1029,1554,3787,1082,66,0
1030,1571,11811,882,6,1
1031,1377,7065,725,62,0
1032,5844,6236,324,190,1
1033,4322,1550,1076,92,1
1034,5577,108,881,123,0
1035,1818,191,487,166,1
1036,8632,562,227,73,0
1037,9901,2629,1178,37,0
1038,5681,2666,28,87,0
1039,2246,5880,511,125,0
1040,7470,2316,363,157,1
1041,3810,8690,1043,2,0
1042,13456,1999,1128,235,1
1043,335,1505,472,147,0
1044,10940,1636,917,117,0
1045,892,11144,459,123,0
1046,1758,376,1149,104,0
1047,422,7982,130,188,0
1048,13139,2026,141,121,0
1049,6298,646,330,220,0
1050,11998,3886,851,211,1
1051,283,3708,930,55,0
1052,7725,354,1255,171,0
1053,7983,167,389,13,0
1054,1445,13757,592,101,1
1055,194,6053,839,52,0
1056,996,6394,928,187,1
1057,12050,8133,809,151,0
1058,774,3707,909,147,1
1059,2400,5998,934,45,1
1060,920,2472,1017,197,0
1061,5731,1222,783,62,0
1062,8862,5741,552,10,1
1063,8414,11134,39,166,0
1064,2827,1297,929,93,1
1065,2830,8220,295,100,0
1066,6079,2791,226,76,1
1067,13006,4278,818,79,0
1068,6203,1928,569,44,1
1069,7375,10938,1146,103,1
1070,3498,956,1091,59,0
1071,7450,11981,341,189,1
1072,5439,5718,1245,178,1
1073,187,7548,209,6,0
1074,7120,8181,1132,54,0
1075,7033,8051,552,9,1
1076,12873,1647,481,35,0
1077,6238,625,1058,18,0
1078,7723,7010,753,83,0
1079,1566,7088,371,17,1
1080,6207,6756,393,104,0
1081,12007,1435,154,73,1
1082,6288,6107,1226,73,1
1083,662,1154,103,47,1
1084,766,9805,66,185,1
1085,6723,13135,858,51,0
1086,11990,3165,1048,169,0
1087,7458,3139,945,90,0
1088,11255,13372,366,223,0
1089,12000,4292,513,127,1
1090,8961,2273,1150,195,1
1091,7263,12619,277,222,1
1092,7898,2479,922,65,1
1093,5703,1895,55,223,0
1094,2126,9800,540,188,0
1095,9120,10751,800,96,1
1096,11714,5643,23,91,1
1097,7079,9095,312,82,1
1098,13575,7123,1222,43,1
1099,2497,1238,1218,186,1
1100,930,12048,179,184,1
1101,3516,8654,1056,29,1
1102,7828,1161,238,136,1
1103,2941,9137,268,123,1
1104,6341,4209,159,38,0
1105,6081,8363,798,111,0
1106,3900,3707,662,216,1
1107,2530,4151,1159,117,1
1108,11949,8443,506,55,1
1109,9095,2170,1114,179,0
1110,662,5752,680,196,1
1111,603,8235,14,5,0
1112,3188,4364,257,217,0
1113,13538,469,183,62,1
1114,11073,336,1094,30,1
1115,654,13363,651,58,1
1116,11749,5584,1024,163,0
1117,6082,6119,1016,77,0
1118,2710,10166,194,49,0
1119,2751,48,236,49,1
1120,3240,9156,989,68,0
1121,2626,5639,838,41,0
1122,3344,1293,30,237,1
1123,161,5628,881,188,1
1124,5558,5573,627,181,0
1125,6181,10942,64,136,0
1126,2296,7492,1193,78,1
1127,5858,1272,321,132,0
1128,3636,9819,1095,23,0
1129,7370,5944,348,101,0
1130,388,564,1213,121,0
1131,9149,4318,516,111,0
1132,1056,6732,343,157,1
1133,5526,4261,936,116,0
1134,2969,3901,1143,211,0
1135,2158,3116,618,112,0
1136,2624,890,268,90,0
1137,3021,7938,947,219,0
1138,2674,2262,1144,115,0
1139,3036,3605,813,51,0
1140,7422,8859,343,92,1
1141,2506,195,258,155,0
1142,904,11993,602,96,0
1143,6282,2625,201,15,1
1144,12873,2652,543,180,1
1145,7457,6349,876,211,0
1146,9065,8710,876,228,0
1147,6519,6148,95,74,0
1148,6286,1488,1222,80,1
1149,8695,3904,843,70,1
1150,6180,6764,725,47,0
1151,4012,1165,944,213,0
1152,9107,1376,140,147,0
1153,4121,6505,977,43,0
1154,1006,5515,876,111,0
1155,11010,1453,8,197,0
1156,3766,4144,374,233,0
1157,7862,1089,938,153,1
1158,3898,5916,426,44,1
1159,7360,719,458,157,0
1160,2853,2458,1242,181,0
1161,1683,1172,1028,26,0
1162,8517,595,378,40,0
1163,8984,8820,1226,138,0
1164,11901,6335,272,109,0
1165,9240,249,689,103,0
1166,406,11075,1044,13,0
1167,6074,147,11,75,1
1168,3078,1422,1154,98,0
1169,6303,6342,1079,151,1
1170,1568,530,1048,164,0
1171,11009,10939,814,172,1
1172,80,13412,494,30,0
1173,471,721,591,115,1
1174,6343,7656,36,190,0
1175,1500,1820,1130,11,1
1176,867,3488,743,122,0
1177,3632,1279,461,49,0
1178,375,6040,831,4,0
1179,4090,4049,559,196,1
1180,13713,11925,275,73,0
1181,7572,7416,671,59,0
1182,540,1661,717,179,0
1183,2724,13479,486,128,0
1184,706,2102,87,113,0
1185,5640,4316,77,228,0
1186,3068,4080,754,122,0
1187,3333,6067,585,163,0
1188,3820,280,63,111,1
1189,702,834,687,155,1
1190,1868,2524,920,104,1
1191,11888,834,470,19,1
1192,819,2955,774,44,0
1193,2009,6762,1146,191,0
1194,6993,6162,753,16,0
1195,77,7617,657,49,0
1196,8069,6753,1095,108,0
1197,2730,2153,23,189,1
1198,6806,1486,563,77,1
1199,10723,2232,652,77,0
1200,7013,6744,1104,82,1
1201,810,4215,850,170,0
1202,4093,5869,739,205,0
1203,2724,6242,713,224,0
1204,1279,9857,1184,51,1
1205,663,11897,606,244,0
1206,13126,3254,1247,9,0
1207,6345,1120,582,91,0
1208,4347,6281,743,4,0
1209,389,7458,607,241,1
1210,4052,8980,928,9,0
1211,800,607,980,130,0
1212,6005,1760,597,232,0
1213,11,1186,231,65,1
1214,9253,7080,661,231,1
1215,1895,1263,39,235,0
1216,3080,412,1112,106,0
1217,3541,11906,897,34,1
1218,1836,8242,1196,191,1
1219,11779,11177,1059,139,1
1220,3536,2775,970,155,0
1221,703,8653,1039,54,0
1222,7727,1612,133,85,0
1223,11702,2395,564,140,0
1224,8975,9252,862,234,0
1225,13361,11207,307,120,0
1226,3098,1920,820,158,1
1227,5697,2533,913,61,1
1228,7531,2883,845,228,0
1229,1321,3928,989,222,0
1230,5473,5539,965,44,0
1231,1288,422,6,208,0
1232,1596,8838,576,246,1
1233,5530,3823,295,56,0
1234,377,2462,555,197,1
1235,8763,1602,1197,84,0
1236,2902,5682,646,159,0
1237,833,6238,77,138,0
1238,6326,2174,834,29,0
1239,8612,7340,650,218,0
1240,1460,6082,374,214,1
1241,2422,3697,930,111,0
1242,11753,3575,1248,143,0
1243,772,1020,414,212,0
1244,3344,729,94,173,1
1245,2866,5709,1099,80,0
1246,7098,3707,799,101,0
1247,13131,5900,926,17,0
1248,11914,6025,408,138,0
1249,1175,8745,1025,112,1
1250,9026,837,461,198,0
1251,8323,6962,1203,131,0
1252,4049,6916,133,134,1
1253,5432,8696,518,176,0
1254,6148,8615,1063,98,1
1255,1508,2383,846,159,0
1256,7908,1178,287,43,1
1257,11092,3754,11,82,0
1258,435,11905,795,130,0
1259,3058,1958,836,114,0
1260,103,402,250,29,0
1261,6070,13602,206,63,1
1262,5926,8446,455,16,1
1263,11927,1224,646,149,0
1264,6339,5596,776,153,0
1265,3487,4367,1056,213,1
1266,4030,1287,965,128,0
1267,2328,14097,1035,109,0
1268,5504,13355,115,136,0
1269,8628,722,700,243,1
1270,6189,878,11,131,0
1271,2563,8715,23,12,1
1272,3929,815,473,25,0
1273,5494,719,337,51,1
1274,8032,3371,324,162,0
1275,2973,1261,322,71,0
1276,1165,9348,664,203,0
1277,1541,2259,1090,138,0
1278,6955,312,213,146,0
1279,3587,7352,313,67,0
1280,11823,1854,1208,86,1
1281,13581,3075,358,28,1
1282,366,3287,1085,11,0
1283,9545,702,212,71,1
1284,8666,220,1235,165,0
1285,7822,13427,811,38,0
1286,9066,7451,1081,241,0
1287,4154,8702,334,224,0
1288,2247,7088,845,122,0
1289,1901,8511,1184,84,0
1290,7519,283,86,165,1
1291,12182,169,647,224,0
1292,487,9043,1215,246,0
1293,2096,8743,821,193,0
1294,5776,11958,444,167,0
1295,963,3964,549,48,0
1296,87,1020,1165,61,0
1297,966,8312,735,43,1
1298,86,5502,1033,42,0
1299,11175,1836,877,41,1
1300,1955,5929,1079,139,1
1301,7670,21,826,211,0
1302,8538,3390,68,235,0
1303,8218,2600,768,54,1
1304,490,1526,14,173,0
1305,7772,11328,174,30,0
1306,899,189,532,209,0
1307,6992,6424,209,94,0
1308,4131,6190,194,143,1
1309,7583,13020,1131,68,0
1310,6084,5906,606,91,1
1311,5682,3148,156,133,0
1312,3519,1743,285,70,1
1313,13606,1603,828,110,1
1314,3060,5559,289,190,1
1315,11146,511,995,173,0
1316,7372,6429,34,162,0
1317,8641,3260,1102,169,1
1318,1395,3393,956,227,1
1319,7396,6181,333,158,1
1320,5736,10744,328,231,0
1321,5595,5918,220,133,1
1322,2285,6317,1065,98,0
1323,632,973,909,246,0
1324,1069,1026,723,34,0
1325,8848,3201,1073,80,0
1326,360,2444,638,175,1
1327,7470,4320,286,152,1
1328,8774,3464,823,182,1
1329,6191,4350,904,43,1
1330,6423,8921,1190,233,1
1331,1561,11894,151,178,0
1332,4199,9800,943,60,0
1333,3120,11815,984,100,1
1334,8914,10751,662,226,0
1335,1792,4313,603,139,0
1336,6098,3522,1198,182,0
1337,3714,7558,1213,161,0
1338,11956,2472,626,187,0
1339,11976,657,957,173,0
1340,4012,745,169,69,0
1341,5739,3324,305,68,1
1342,2141,5682,430,150,0
1343,1890,9800,748,23,0
1344,6298,1904,65,117,1
1345,8050,6255,1051,78,0
1346,2258,8147,1004,167,0
1347,2181,13463,260,77,0
1348,11804,2917,135,175,0
1349,2563,9798,857,15,1
1350,6202,1457,1248,229,0
1351,3753,2182,1123,71,1
1352,3149,13243,622,75,1
1353,4360,6086,804,77,1
1354,700,12016,77,64,1
1355,4091,1388,746,75,1
1356,2694,8835,942,81,1
1357,2536,1459,544,171,0
1358,8165,5446,439,234,0
1359,1129,5944,77,147,1
1360,3228,7646,270,3,0
1361,6020,3397,853,192,0
1362,7766,6405,42,144,0
1363,8189,2898,389,47,0
1364,6724,1093,942,232,0
1365,6295,7906,795,5,1
1366,10611,1629,1019,147,0
1367,3167,2677,1160,238,0
1368,2379,2867,1154,5,0
1369,8299,6281,210,162,1
1370,3707,2862,836,122,1
1371,6732,8403,369,210,0
1372,1403,1001,205,96,0
1373,2962,531,367,208,1
1374,3109,13199,211,70,1
1375,8427,5999,721,55,0
1376,3593,1381,689,64,0
1377,7009,13121,130,147,0
1378,8320,7140,1025,66,0
1379,3826,6922,983,202,0
1380,132,11961,965,224,1
1381,6799,3261,627,39,1
1382,632,3710,135,142,1
1383,858,11005,913,10,1
1384,7898,9148,1152,124,0
1385,6809,1655,759,45,0
1386,1821,3519,23,104,1
1387,1913,2000,548,238,0
1388,9794,7903,812,17,0
1389,3749,3845,1015,184,0
1390,5605,3409,348,218,1
1391,2910,2065,618,197,0
1392,2132,7575,145,200,0
1393,6336,5645,562,40,0
1394,3041,898,1022,221,0
1395,11795,7655,190,40,1
1396,6883,7622,810,114,1
1397,3800,1675,7,167,1
1398,5599,5734,64,188,1
1399,8404,3150,584,64,0
1400,79,6153,1024,177,0
1401,2794,2217,590,127,1
1402,3056,7775,1131,124,1
1403,1777,3856,342,241,1
1404,4221,1464,397,3,0
1405,3941,4375,846,46,0
1406,77,8087,1255,24,1
1407,1965,2340,967,95,0
1408,3223,9089,1236,26,1
1409,7653,59,410,130,0
1410,6290,6348,1216,9,0
1411,80,967,418,239,1
1412,5794,3696,230,43,0
1413,690,2361,908,133,0
1414,539,2938,159,237,1
1415,7484,6236,509,225,0
1416,5727,13334,1186,57,0
1417,2863,5721,669,106,1
1418,9899,7198,906,137,0
1419,6819,162,1185,24,0
1420,3898,631,455,66,1
1421,4137,13717,208,97,0
1422,2059,901,571,177,1
1423,428,7437,776,30,1
1424,4128,6807,1120,198,1
1425,13121,3985,1024,165,1
1426,1340,2527,34,211,0
1427,2929,5536,889,55,0
1428,6456,8710,546,194,0
1429,7457,13716,751,30,0
1430,344,11833,503,122,1
1431,241,133,42,177,0
1432,2214,13032,417,142,0
1433,4358,11004,302,38,0
1434,1892,9188,36,227,0
1435,2003,7056,740,30,0
1436,1916,3075,1254,140,1
1437,243,8812,1149,96,0
1438,1037,13123,260,106,1
1439,595,50,1141,160,0
1440,8606,13491,1194,133,0
1441,5500,1118,941,5,1
1442,837,1320,958,120,0
1443,3546,963,491,130,1
1444,3913,2006,1086,23,1
1445,1103,2940,474,54,1
1446,5622,11872,675,196,0
1447,1267,800,1054,28,0
1448,6931,13476,438,235,0
1449,3282,3708,924,73,0
1450,1506,1558,780,151,1
1451,9305,4327,128,209,0
1452,3783,7017,121,131,0
1453,194,9245,420,128,1
1454,921,3465,415,32,1
1455,2645,11877,717,71,0
1456,1081,13624,388,228,0
1457,7731,9388,954,110,0
1458,2818,11782,915,94,0
1459,13575,1569,144,121,0
1460,13683,2098,202,150,1
1461,6109,8284,930,217,0
1462,7229,12672,837,229,1
1463,4388,1272,54,6,0
1464,3101,7063,100,187,0
1465,7417,6134,132,17,1
1466,6145,117,1099,163,1
1467,4116,1481,605,197,0
1468,1578,324,487,138,0
1469,13472,6364,407,44,0
1470,8515,8784,767,44,0
1471,6262,13431,425,193,0
1472,13632,2021,363,93,0
1473,11950,673,1089,221,0
1474,1463,916,666,208,1
1475,1841,2056,770,111,0
1476,11966,5776,281,40,0
1477,10151,7094,28,180,1
1478,1892,1417,712,25,0
1479,6934,7501,54,245,0
1480,8098,687,212,240,0
1481,9388,5862,203,50,1
1482,800,6030,1033,57,0
1483,3076,2320,636,86,0
1484,5742,1830,109,141,0
1485,2878,6148,262,111,1
1486,92,8948,632,51,0
1487,6934,9863,610,23,0
1488,13760,1775,434,210,0
1489,7588,5745,715,94,0
1490,2680,8337,282,38,0
1491,2332,5913,749,3,1
1492,2381,11943,1096,9,1
1493,12987,856,151,56,0
1494,3448,4286,145,117,1
1495,6176,6420,550,114,0
1496,411,3916,614,100,0
1497,8664,9134,325,23,1
1498,3454,11431,626,30,0
1499,13432,2899,893,27,1
1500,824,14088,38,4,1
1501,13381,7073,390,216,0
1502,7647,2356,122,24,0
1503,3674,1193,448,193,1
1504,3676,8745,170,179,0
1505,5870,821,175,96,1
1506,2278,9244,234,203,0
1507,11272,8364,876,43,1
1508,3179,1535,54,124,0
1509,761,843,771,57,0
1510,6203,12022,603,4,0
1511,2886,7114,1182,165,0
1512,3034,2259,404,148,1
1513,13717,6830,462,22,1
1514,8775,6460,326,200,1
1515,4383,7379,1089,89,1
1516,3756,243,916,75,0
1517,8845,6959,291,152,1
1518,363,1815,808,130,1
1519,3666,4184,325,207,0
1520,1814,14110,1208,191,1
1521,6185,2787,498,36,0
1522,1116,2521,1233,172,1
1523,7081,2711,86,227,0
1524,5458,301,281,65,1
1525,5900,7217,1089,222,0
1526,2981,2481,177,165,0
1527,2837,3395,576,188,0
1528,1147,5679,1097,12,1
1529,3717,9744,767,201,0
1530,1811,2476,585,139,0
1531,9546,2781,1066,101,1
1532,8671,3230,90,71,0
1533,7775,2364,1034,126,0
1534,1445,2986,1253,7,0
1535,430,13260,1236,84,0
1536,2443,5997,684,40,1
1537,7583,1266,713,91,0
1538,3440,8980,818,143,0
1539,5554,504,273,150,0
1540,9310,269,770,28,1
1541,1631,6259,1024,97,0
1542,3608,1382,458,224,0
1543,11958,391,62,177,0
1544,3507,2691,219,58,0
1545,1566,6727,945,235,0
1546,6209,5612,1010,62,1
1547,6962,4077,760,229,0
1548,7716,2532,554,6,1
1549,1724,1759,244,216,0
1550,8095,3788,878,143,0
1551,7939,3137,759,79,1
1552,6519,414,720,168,0
1553,2281,6053,840,204,1
1554,5479,3275,296,88,0
1555,1896,11847,765,206,1
1556,3534,11976,14,52,0
1557,2278,4140,525,45,1
1558,1916,2208,375,28,1
1559,2123,3641,34,47,0
1560,2254,4295,346,218,0
1561,6128,7036,310,77,0
1562,2902,370,394,200,0
1563,6,2118,931,30,0
1564,917,6045,424,82,0
1565,7536,2824,504,229,0
1566,801,11011,732,139,1
1567,1001,3959,395,157,0
1568,13483,9935,204,150,0
1569,5782,603,999,176,0
1570,1358,6764,92,92,0
1571,13072,1575,1199,179,0
1572,6279,7963,682,199,1
1573,6318,2614,740,56,0
1574,9939,12185,643,240,1
1575,6755,3396,737,177,1
1576,5741,4044,997,49,0
1577,1282,1133,1091,179,0
1578,1443,3954,1101,103,0
1579,5620,7397,1154,134,1
1580,847,2389,187,85,0
1581,410,1947,638,245,0
1582,1851,2601,1077,215,1
1583,7476,7053,988,1,0
1584,11777,7621,1165,127,0
1585,11129,1431,976,12,1
1586,2729,3459,791,226,0
1587,11070,5813,802,133,0
1588,6287,5529,876,99,0
1589,8700,343,829,109,0
1590,2195,11862,345,49,0
1591,1329,5745,759,158,0
1592,1928,284,666,142,0
1593,2903,611,866,91,0
1594,109,1099,611,163,0
1595,3072,5901,290,121,0
1596,3643,4041,179,9,0
1597,8367,11762,1100,11,0
1598,1047,4098,382,51,0
1599,4056,2656,169,129,1
1600,5686,8888,989,212,0
1601,8467,12050,278,35,0
1602,13011,5765,1062,9,1
1603,296,3402,457,113,0
1604,7230,2998,400,51,0
1605,2162,13580,174,179,1
1606,6969,8774,1079,46,0
1607,13458,9400,594,38,1
1608,11828,2324,720,25,0
1609,979,9126,1016,72,0
1610,12050,2219,1029,67,1
1611,8722,7999,672,4,0
1612,3723,5737,274,173,0
1613,8286,1287,843,190,1
1614,1983,4221,828,212,0
1615,12001,7129,37,112,0
1616,6340,3713,901,24,0
1617,7205,2543,1209,211,0
1618,2622,618,961,160,1
1619,1071,7925,24,195,0
1620,85,5722,1098,229,1
1621,59,381,762,148,1
1622,2820,10618,1096,73,0
1623,7078,1227,84,65,1
1624,3739,441,978,93,0
1625,2844,11764,1238,246,1
1626,2134,7324,288,154,0
1627,3716,3007,930,86,0
1628,1012,6266,282,172,0
1629,2729,4049,1186,89,0
1630,1103,7780,161,117,0
1631,1981,6171,378,92,0
1632,1690,157,464,235,1
1633,13610,11768,690,147,0
1634,3112,11979,264,207,0
1635,5912,2858,200,65,0
1636,6749,11774,300,32,0
1637,4154,13004,657,70,0
1638,1119,5936,630,150,0
1639,6445,3969,1126,117,0
1640,9001,9521,583,69,1
1641,6161,6499,1193,48,0
1642,7009,2670,536,49,0
1643,129,380,220,137,1
1644,5542,4348,1039,130,1
1645,985,54,529,187,0
1646,2641,2166,1233,98,1
1647,1607,5694,261,134,0
1648,1667,9125,4,231,0
1649,2701,3538,353,246,0
1650,5994,775,884,232,0
1651,103,6720,859,154,1
1652,1287,2241,681,139,0
1653,5798,14101,589,60,0
1654,9066,5672,742,157,0
1655,13378,2957,551,13,0
1656,2977,7353,236,24,0
1657,6008,1968,770,97,0
1658,384,1612,836,41,0
1659,4235,84,791,177,0
1660,868,8189,57,39,0
1661,767,12046,388,20,1
1662,11175,10137,1158,153,0
1663,13249,2448,853,166,0
1664,875,3331,477,203,0
1665,11816,7730,859,30,0
1666,6936,319,793,90,1
1667,7334,3427,960,201,0
1668,9399,8866,977,155,1
1669,12919,2215,74,199,1
1670,9,8051,629,234,0
1671,9782,1969,67,183,1
1672,5770,6326,318,162,1
1673,8667,3689,1087,240,1
1674,3940,3930,381,141,1
1675,5696,413,999,145,0
1676,2939,1744,655,54,0
1677,8681,3181,299,68,0
1678,123,6071,1046,96,1
1679,8127,3766,690,60,1
1680,5993,6859,1166,211,1
1681,9857,10618,951,246,1
1682,11796,4151,1216,244,1
1683,7872,6321,959,145,0
1684,2439,5890,119,41,0
1685,865,8961,360,16,0
1686,13625,4019,536,211,1
1687,1153,159,151,39,0
1688,8101,98,853,122,1
1689,7269,8331,852,95,0
1690,13496,820,947,30,0
1691,88,165,886,96,0
1692,10151,382,1055,143,0
1693,1309,762,478,209,0
1694,5621,1521,447,57,1
1695,3376,2983,195,29,0
1696,951,555,447,82,1
1697,2849,5754,359,10,1
1698,3801,10171,316,246,0
1699,5779,3576,337,87,1
1700,3388,13342,694,125,0
1701,174,8779,573,30,0
1702,3836,7519,33,178,0
1703,11291,12050,1045,70,0
1704,455,5879,307,151,0
1705,11755,2375,853,159,0
1706,5654,659,1178,167,0
1707,1945,3794,301,130,0
1708,3277,12172,749,157,0
1709,3542,9753,439,199,0
1710,8548,3628,540,59,0
1711,13606,2383,987,81,0
1712,8102,519,178,187,1
1713,11931,1925,902,107,1
1714,248,1584,226,238,1
1715,1795,1367,475,170,1
1716,9545,5421,262,233,0
1717,8750,3180,73,180,1
1718,11822,5807,843,30,0
1719,8283,6824,979,54,0
1720,4028,480,710,106,0
1721,788,11882,9,53,0
1722,4066,2310,636,10,0
1723,252,1968,669,216,1
1724,1129,1418,1243,109,1
1725,7646,13354,967,177,0
1726,741,11143,671,130,0
1727,698,4261,1148,75,0
1728,3501,3731,326,188,1
1729,13695,2632,932,184,1
1730,633,1640,513,129,0
1731,125,6870,1137,240,0
1732,6849,2533,15,13,1
1733,6370,1355,17,149,1
1734,6060,6458,300,138,0
1735,288,269,525,21,1
1736,4025,13439,1169,71,0
1737,783,3573,1131,206,1
1738,5903,7361,363,116,0
1739,4230,3939,233,206,0
1740,7089,1966,1241,67,0
1741,6808,1110,944,16,1
1742,6260,6843,563,211,1
1743,956,11743,176,108,0
1744,2410,3372,733,149,0
1745,11257,13265,909,19,0
1746,3102,13435,1215,151,0
1747,8860,4336,1147,3,0
1748,6945,7421,334,54,0
1749,11822,21,535,97,1
1750,13138,1995,934,228,0
1751,3294,5892,411,187,0
1752,5986,1503,74,35,0
1753,1098,7692,758,152,0
1754,1065,13438,587,206,0
1755,7115,6080,125,137,0
1756,13630,226,856,106,1
1757,3766,6755,1119,225,0
1758,3869,13580,1232,225,1
1759,893,2454,1133,115,1
1760,7630,9846,698,37,0
1761,14090,5934,22,155,1
1762,2553,6041,1122,108,0
1763,9079,1241,978,61,0
1764,12043,1145,450,122,0
1765,544,11144,552,9,1
1766,6009,2027,313,89,0
1767,2850,13496,947,102,1
1768,9776,3931,1142,58,0
1769,2770,1503,984,171,1
1770,6838,11357,297,88,0
1771,11722,6984,651,201,1
1772,893,5901,1198,134,0
1773,2046,4130,44,235,0
1774,622,1426,161,11,0
1775,3088,5870,1032,55,0
1776,1764,2631,920,224,1
1777,801,2276,344,130,1
1778,2674,9414,1124,6,0
1779,554,4139,1126,205,0
1780,7295,3146,636,190,0
1781,6179,3631,728,205,1
1782,7201,2994,744,161,0
1783,7582,1630,783,172,0
1784,8283,1624,236,246,1
1785,11524,351,338,163,1
1786,6497,13494,516,7,1
1787,1743,8700,544,157,0
1788,2788,886,194,143,1
1789,2293,412,1077,96,1
1790,7253,2345,1023,216,0
1791,9419,6038,1076,90,0
1792,1353,9853,754,220,1
1793,2031,5945,679,133,0
1794,6302,2639,680,7,0
1795,2787,818,102,185,0
1796,13514,4272,202,199,0
1797,2064,5461,696,102,0
1798,197,1569,1235,179,0
1799,12001,7933,577,65,1
1800,4262,152,1130,97,1
1801,1733,4353,920,127,1
1802,13687,7547,356,89,0
1803,6240,11144,146,30,0
1804,580,3086,1202,94,1
1805,6855,6772,222,239,0
1806,13397,13597,444,181,1
1807,9786,2784,97,204,0
1808,9183,13465,430,203,0
1809,2537,188,560,196,0
1810,8631,8782,1104,21,1
1811,3847,9890,301,218,0
1812,8835,2562,360,101,0
1813,5789,11942,249,52,1
1814,601,1822,638,13,0
1815,8984,11857,1189,49,1
1816,4304,3133,554,82,0
1817,2166,1324,1157,121,0
1818,3296,904,929,152,0
1819,3635,11855,855,216,0
1820,6139,4218,954,43,0
1821,6243,1930,748,155,1
1822,3731,2462,10,76,1
1823,8556,7120,1202,28,0
1824,13139,6174,1207,96,0
1825,7505,735,1166,22,0
1826,1436,7262,290,32,1
1827,3197,994,421,60,0
1828,13544,7076,815,139,0
1829,7588,1690,840,193,1
1830,511,1951,548,92,0
1831,11750,6277,417,228,1
1832,3149,5782,579,194,1
1833,13403,13752,788,207,0
1834,5407,5419,1139,146,1
1835,2964,9892,718,86,1
1836,8215,8412,324,168,0
1837,2716,11766,1068,223,1
1838,892,456,367,232,0
1839,2927,6266,151,109,1
1840,6808,5552,429,111,1
1841,1847,7621,244,181,0
1842,2975,12961,627,131,0
1843,7251,1762,516,117,0
1844,7935,2462,659,24,0
1845,6266,198,1127,190,0
1846,250,11258,1200,219,0
1847,329,13696,471,179,0
1848,13772,8626,913,6,1
1849,7486,3547,470,97,0
1850,686,7195,516,220,0
1851,11804,3040,214,125,0
1852,1162,1138,361,146,0
1853,6992,7251,868,218,0
1854,8118,3945,461,103,0
1855,2009,1309,868,195,0
1856,2882,8348,1133,97,1
1857,3324,6487,1070,159,0
1858,6095,2313,1224,236,0
1859,9190,575,1229,230,1
1860,7714,1486,597,86,1
1861,1274,8524,618,236,1
1862,5739,529,355,187,0
1863,5504,6991,670,144,1
1864,1481,3881,897,189,0
1865,6841,6522,533,35,1
1866,6782,11721,1179,211,1
1867,519,3207,535,89,0
1868,11718,8084,971,38,0
1869,1885,13544,191,75,0
1870,839,3702,128,192,0
1871,1721,3738,151,85,1
1872,124,949,814,229,0
1873,1829,6238,242,32,1
1874,4075,13725,196,178,0
1875,9138,1656,1223,145,0
1876,7905,13481,1175,89,0
1877,1156,936,853,20,0
1878,7446,6887,985,132,0
1879,714,4040,445,169,1
1880,8815,1783,278,99,1
1881,4083,3026,561,202,0
1882,228,3582,935,219,1
1883,8621,8972,1045,164,1
1884,399,5417,68,87,1
1885,1449,7564,52,99,0
1886,13347,1406,790,74,1
1887,182,3051,365,64,0
1888,13374,7577,815,108,1
1889,3942,6333,232,146,1
1890,352,2478,245,241,0
1891,1223,119,323,98,0
1892,2818,895,186,10,0
1893,7206,13598,649,31,0
1894,6099,961,289,183,0
1895,2494,1066,750,236,0
1896,7581,2440,256,200,0
1897,737,1530,77,243,1
1898,11766,5542,441,244,0
1899,3602,6308,1013,233,1
1900,2560,8695,210,132,1
1901,8694,3440,756,156,0
1902,1056,6176,1078,49,1
1903,1909,7046,216,91,0
1904,6792,594,331,85,1
1905,2440,6866,590,65,0
1906,1957,2074,200,62,1
1907,5421,3856,582,133,0
1908,8743,84,395,67,1
1909,4131,6273,231,141,1
1910,8499,1858,1226,51,0
1911,3855,7544,1043,47,0
1912,298,1347,644,96,1
1913,6390,2252,111,43,0
1914,8076,11011,148,25,0
1915,3589,11973,433,150,0
1916,5496,1219,694,106,1
1917,400,246,310,76,0
1918,4000,763,920,213,1
1919,1507,8100,814,201,0
1920,7924,1519,272,116,0
1921,338,3737,1114,101,1
1922,1832,7078,562,132,0
1923,6164,935,1200,220,0
1924,5632,4340,1235,81,0
1925,8267,8802,730,150,0
1926,3916,902,314,104,0
1927,7134,3201,1011,35,1
1928,6173,1833,1078,184,0
1929,1763,13403,198,34,0
1930,7869,13263,509,100,0
1931,1664,5860,259,5,1
1932,11951,4152,349,159,0
1933,828,2913,579,83,0
1934,5642,141,470,202,0
1935,3466,6381,512,233,1
1936,8790,10106,576,239,0
1937,13467,1803,1179,106,0
1938,11737,2117,524,209,0
1939,1332,2040,106,113,0
1940,11638,9415,1068,201,0
1941,3116,4196,998,136,1
1942,8302,7020,1166,144,0
1943,5867,1397,912,129,0
1944,6282,8442,789,144,0
1945,3306,6329,349,44,0
1946,3580,11769,1019,159,0
1947,4034,3664,887,231,0
1948,7550,3214,943,56,0
1949,7066,3133,1094,55,0
1950,7531,60,485,147,0
1951,13580,871,1248,19,0
1952,5934,2483,438,239,1
1953,3451,9089,806,83,1
1954,8850,4157,580,102,1
1955,6761,1941,1121,199,1
1956,8195,6198,53,47,1
1957,3693,5838,159,108,0
1958,13628,6814,283,45,1
1959,1419,8550,1174,57,0
1960,14100,925,672,83,1
1961,3996,3146,1029,51,1
1962,2646,12056,589,174,0
1963,12006,8612,1206,7,0
1964,1179,8476,615,176,0
1965,8889,542,1028,162,1
1966,6748,284,868,102,1
1967,2313,150,468,81,1
1968,5673,1598,845,159,0
1969,7275,42,903,98,1
1970,6415,1489,209,91,0
1971,11685,754,526,206,1
1972,663,6994,579,108,0
1973,6130,4127,329,12,0
1974,3568,7490,443,193,0
1975,2837,3275,367,192,0
1976,5411,5938,424,104,0
1977,3540,8862,293,111,0
1978,1123,6270,397,226,0
1979,1342,5849,169,171,1
1980,6396,2513,42,29,1
1981,9386,9053,1094,22,0
1982,4115,489,758,183,0
1983,7659,1941,408,169,1
1984,374,9374,197,143,1
1985,3250,7192,1146,90,0
1986,5421,5582,437,238,1
1987,1100,9075,762,58,1
1988,160,7,281,211,0
1989,2053,2467,621,177,0
1990,6944,13424,446,216,0
1991,10104,8996,1087,64,1
1992,8238,3113,1208,221,1
1993,988,13592,1109,209,0
1994,126,1249,527,195,1
1995,1852,937,848,209,0
1996,8137,7297,1031,195,1
1997,3799,4360,109,61,0
1998,11738,3863,660,223,1
1999,3204,1641,895,95,0
2000,11022,11452,199,86,0
