ID,Passenger_ID,Route ID,Class
1,91146,438,First
2,64612,121,Business
3,58987,126,Business
4,24140,484,Business
5,96894,422,Economy
6,51573,361,Business
7,24117,437,Economy
8,37296,420,Business
9,10759,383,Economy
10,64770,461,Economy
11,58182,278,Economy
12,70453,147,Economy
13,44289,31,Economy
14,44554,286,First
15,48026,197,Economy
16,82464,287,First
17,5026,367,Business
18,40423,142,First
19,16190,411,Economy
20,14103,245,Business
21,42664,376,Business
22,76922,161,Business
23,97197,264,First
24,84176,322,Economy
25,8574,21,Economy
26,56930,406,Economy
27,76616,173,Business
28,4123,374,Economy
29,13576,55,First
30,70998,191,Economy
31,62662,469,Business
32,88440,4,Business
33,78059,40,Economy
34,22125,43,Business
35,93272,45,First
36,81358,436,Economy
37,88535,463,First
38,18491,78,Economy
39,17972,436,Business
40,19427,334,First
41,29570,350,Economy
42,1746,344,Business
43,66604,62,Economy
44,32646,243,First
45,14384,462,Economy
46,67610,349,Economy
47,26348,254,First
48,62646,393,Economy
49,17211,493,First
50,9259,291,Economy
51,68376,126,First
52,13952,497,First
53,72172,456,First
54,34552,301,First
55,75445,243,Business
56,92636,41,Business
57,79644,138,Economy
58,32653,281,First
59,46935,58,Economy
60,97348,286,First
61,19255,261,Economy
62,8285,341,Business
63,55497,409,Business
64,49017,471,Business
65,52732,181,Business
66,95356,94,Business
67,72983,50,Business
68,79390,453,First
69,16369,163,Economy
70,32005,454,Business
71,73874,114,First
72,25459,179,Economy
73,28651,297,Economy
74,4791,120,Economy
75,29042,195,First
76,46407,221,Business
77,89150,409,Economy
78,60412,41,Business
79,29164,362,Business
80,25243,458,Business
81,4680,271,Business
82,49385,217,Economy
83,31575,396,Business
84,43693,179,First
85,60678,9,First
86,15938,134,First
87,23707,445,First
88,85789,195,Economy
89,76727,407,Business
90,34992,409,Business
91,66987,307,First
92,10815,462,Economy
93,60468,137,Business
94,86775,207,First
95,67713,377,Business
96,6275,20,Business
97,42937,231,First
98,26545,163,First
99,67772,250,Economy
100,13316,150,Business
101,11269,482,Business
102,76480,211,Business
103,44207,41,Business
104,33761,239,Economy
105,6619,453,Economy
106,53385,305,Business
107,67931,100,Economy
108,14173,444,First
109,94196,6,First
110,58582,240,First
111,34972,142,First
112,23530,187,First
113,84054,323,First
114,220,344,Economy
115,65904,157,Economy
116,20456,389,Economy
117,92442,333,First
118,57195,466,First
119,64853,119,Business
120,96755,454,Economy
121,67932,29,Economy
122,82959,127,Economy
123,13710,270,Economy
124,72836,277,Economy
125,69886,175,First
126,60717,326,Business
127,31792,469,Business
128,84832,105,First
129,28112,160,First
130,68213,202,Business
131,31373,23,First
132,70520,158,Business
133,94909,5,First
134,57925,158,First
135,46092,139,Economy
136,46365,233,Economy
137,16813,440,Business
138,3004,260,Business
139,61882,308,First
140,31001,463,Business
141,94475,203,Business
142,46027,242,Economy
143,27843,300,Economy
144,22225,333,Economy
145,50240,377,Business
146,6132,57,Economy
147,24730,178,Business
148,37059,273,First
149,11249,5,First
150,16887,412,First
151,92012,482,Economy
152,44203,10,Economy
153,33176,384,Economy
154,80796,268,Business
155,78735,257,Economy
156,15020,420,First
157,78920,163,First
158,14301,45,First
159,47368,383,Economy
160,48362,112,First
161,89399,379,Business
162,18519,140,Economy
163,49986,135,First
164,57955,128,First
165,96194,137,First
166,22539,118,Business
167,82697,174,Business
168,31798,374,Business
169,58602,98,First
170,11382,451,Economy
171,62659,33,Economy
172,91134,173,First
173,83690,489,Economy
174,70392,263,Economy
175,72174,185,Economy
176,47557,215,First
177,19752,291,Business
178,51336,99,Business
179,23753,103,Economy
180,98191,100,First
181,81315,187,First
182,30942,338,First
183,55751,19,Economy
184,2757,294,Economy
185,46312,266,First
186,75095,448,First
187,81798,236,Business
188,80489,380,First
189,31763,264,Business
190,68206,134,Economy
191,20532,382,First
192,96375,189,Economy
193,41999,442,First
194,69630,35,Business
195,1489,353,Business
196,46121,309,Business
197,2772,492,First
198,2983,220,Business
199,61892,296,Economy
200,60447,476,First
201,81424,86,Economy
202,65122,118,First
203,82773,47,First
204,23494,209,Economy
205,72633,138,Economy
206,8069,458,First
207,47996,428,Economy
208,8333,84,Economy
209,70656,150,Business
210,72393,424,Economy
211,51505,368,Economy
212,84149,91,Economy
213,32555,476,First
214,55906,455,Economy
215,77441,227,Business
216,9047,466,Business
217,45812,136,Economy
218,72944,205,First
219,37953,416,Economy
220,86536,275,Economy
221,23925,56,First
222,75253,274,Business
223,46208,464,Business
224,71060,79,Economy
225,78720,210,First
226,59945,311,Business
227,25174,265,First
228,90070,212,First
229,28872,35,Business
230,90261,94,Economy
231,79117,247,First
232,71434,104,Business
233,4224,280,Economy
234,33854,108,Economy
235,1654,284,First
236,9751,433,Economy
237,20786,106,Business
238,82993,118,Business
239,73009,56,First
240,81069,2,First
241,36312,181,Business
242,11878,198,Economy
243,83975,453,First
244,11909,344,First
245,15565,245,Business
246,30025,300,Business
247,50869,34,First
248,13599,154,First
249,86698,123,First
250,97336,425,First
251,24621,270,Business
252,76862,5,First
253,28352,52,Economy
254,93677,320,Business
255,5435,180,Business
256,17032,1,First
257,15160,324,First
258,83178,245,First
259,46992,35,First
260,89891,204,First
261,42521,407,Economy
262,10722,44,First
263,96232,390,Business
264,39148,314,Business
265,56938,66,Business
266,14941,405,Economy
267,96791,96,Business
268,75654,19,Economy
269,56911,81,Business
270,5211,159,First
271,61424,329,Business
272,13802,121,Business
273,96497,219,First
274,4924,81,Economy
275,11215,379,Economy
276,44601,142,First
277,3456,76,First
278,36792,278,First
279,61699,167,First
280,80400,108,First
281,22042,368,Business
282,85105,452,First
283,87544,239,Economy
284,51350,246,First
285,85936,170,Business
286,79571,428,First
287,50490,74,First
288,84002,1,Business
289,87832,220,First
290,70726,288,Economy
291,57737,271,Economy
292,82944,359,First
293,78067,280,Business
294,1976,229,Economy
295,9487,480,First
296,69899,57,First
297,15016,128,Economy
298,90111,89,Economy
299,48583,482,First
300,57510,264,Economy
301,21815,374,Economy
302,8963,345,Economy
303,79232,311,First
304,21419,32,First
305,97790,212,Business
306,50010,451,Business
307,18780,63,Economy
308,47414,396,Economy
309,35216,275,Economy
310,90151,162,Economy
311,4753,166,First
312,35371,428,Economy
313,88725,52,First
314,14769,109,First
315,59958,416,Business
316,38802,265,First
317,74796,273,Business
318,84000,124,Business
319,1802,148,Economy
320,62425,269,First
321,77548,258,First
322,45075,292,First
323,10023,333,First
324,80544,464,First
325,93929,59,Business
326,6123,455,Economy
327,57184,332,First
328,40003,321,Economy
329,60978,276,First
330,51729,29,Economy
331,72999,355,Business
332,34575,275,First
333,85240,63,First
334,70891,2,Economy
335,56114,330,First
336,66158,285,Business
337,17029,135,Economy
338,91138,19,Business
339,53699,393,First
340,76825,236,Economy
341,7835,104,Economy
342,26173,145,First
343,32314,367,Business
344,91052,253,First
345,36603,82,Economy
346,84558,139,Economy
347,12357,125,Business
348,20218,35,Business
349,39191,411,Business
350,43685,348,Business
351,37951,352,Economy
352,40203,244,Economy
353,71548,166,Business
354,93314,287,First
355,85183,139,Business
356,47329,133,Economy
357,94950,497,Economy
358,49108,41,First
359,44376,144,Economy
360,70546,366,Business
361,7314,177,Business
362,85984,461,Economy
363,67556,32,Business
364,46647,432,First
365,93248,246,Economy
366,58668,444,Business
367,81647,80,Economy
368,47172,177,First
369,81563,13,Business
370,85866,357,Economy
371,98006,460,Economy
372,65097,278,Business
373,11385,482,First
374,93485,392,Economy
375,50499,162,Business
376,19395,313,First
377,2849,61,Business
378,88712,493,Business
379,65715,9,Economy
380,73049,337,Business
381,66641,63,Business
382,36689,496,Business
383,52627,283,Economy
384,46905,31,Economy
385,77606,414,First
386,28646,394,Business
387,33449,109,Economy
388,68991,304,Economy
389,20203,48,Economy
390,50838,434,Economy
391,23282,54,Business
392,57618,265,Business
393,38437,130,Economy
394,52337,20,Economy
395,10700,248,Economy
396,7729,463,Economy
397,87595,86,First
398,42233,223,Economy
399,97951,208,Economy
400,70686,477,First
401,32907,495,Business
402,37609,225,Economy
403,69155,176,Economy
404,40501,369,Business
405,17554,6,First
406,42314,408,First
407,24306,169,First
408,66373,440,Economy
409,24619,289,Economy
410,62376,392,Economy
411,42157,64,First
412,91488,475,Business
413,85630,9,First
414,16731,45,First
415,32841,147,Business
416,44746,385,Economy
417,12661,353,Business
418,97861,158,Economy
419,44118,356,Business
420,83200,27,Business
421,63010,344,Business
422,21251,184,First
423,63226,397,Business
424,76634,39,Business
425,83933,4,Business
426,7887,191,First
427,45359,338,First
428,23758,468,Economy
429,70886,222,Economy
430,74357,36,First
431,76151,143,Economy
432,33184,48,Economy
433,40865,483,Business
434,54556,120,Economy
435,85418,156,First
436,3451,234,First
437,46686,390,Economy
438,1479,92,Business
439,3320,380,First
440,37095,312,Economy
441,93856,449,Business
442,40910,388,Economy
443,7691,175,First
444,86233,461,First
445,69556,378,Business
446,48884,284,First
447,45714,249,Business
448,52317,319,Economy
449,90011,70,Economy
450,16498,207,First
451,25670,420,First
452,4400,86,First
453,24984,349,Economy
454,76716,68,Economy
455,18550,403,First
456,8370,245,First
457,78432,4,Economy
458,56138,90,Business
459,81891,337,Business
460,80921,257,Business
461,15821,273,First
462,24341,405,Business
463,14665,321,Economy
464,58491,299,First
465,80068,201,Economy
466,26063,220,Economy
467,18660,262,Business
468,19900,12,Business
469,34988,72,Economy
470,58578,45,First
471,73682,390,First
472,9227,323,First
473,18283,268,Economy
474,59792,127,First
475,98241,176,Business
476,66087,472,Business
477,60790,447,Business
478,73794,283,Business
479,49532,120,First
480,54418,372,Economy
481,61220,201,Business
482,21361,297,First
483,40150,457,Economy
484,48300,367,Business
485,59876,300,First
486,52303,153,First
487,98138,379,First
488,5601,287,Economy
489,4822,322,Economy
490,93538,466,First
491,19530,456,First
492,6832,17,First
493,96461,238,First
494,48211,219,First
495,42070,272,Economy
496,68312,308,Business
497,4966,397,First
498,23687,145,Economy
499,18317,178,First
500,37988,124,First
501,76381,367,Business
502,6195,256,First
503,13947,341,Business
504,13890,62,Business
505,91073,494,Economy
506,94183,419,First
507,78965,203,First
508,77937,265,First
509,71794,210,Business
510,87090,309,Business
511,84644,347,Business
512,73057,59,First
513,42922,287,Economy
514,38708,432,Economy
515,12623,362,Economy
516,49226,429,Business
517,36003,227,First
518,21356,145,Business
519,60681,239,Economy
520,10168,34,Business
521,30985,373,Economy
522,29151,270,First
523,91239,145,Economy
524,35191,229,First
525,62811,317,Economy
526,53059,108,Business
527,36754,73,Economy
528,48504,229,First
529,81267,271,Business
530,54759,184,Economy
531,77265,216,Economy
532,75460,464,Business
533,43527,244,Business
534,40005,31,First
535,62772,2,First
536,36258,221,Economy
537,93012,48,Economy
538,17603,332,First
539,93362,258,Economy
540,18483,336,Business
541,25115,172,Economy
542,30958,66,Business
543,10475,24,First
544,91457,424,Business
545,20097,342,First
546,20918,159,Business
547,46943,71,First
548,40524,265,Economy
549,1680,27,Business
550,56999,82,Business
551,79390,204,First
552,53952,116,Business
553,78220,130,Business
554,30878,302,First
555,49585,276,Business
556,2098,277,Economy
557,46051,86,Economy
558,40763,435,Business
559,64667,402,Economy
560,34762,482,First
561,42187,108,Business
562,35063,464,First
563,36024,486,Business
564,82620,341,Business
565,23039,445,Economy
566,54585,378,Business
567,42571,286,First
568,97522,208,Economy
569,34463,321,First
570,89468,179,Economy
571,85479,288,First
572,29182,363,First
573,94435,13,Business
574,56139,293,Business
575,40968,422,First
576,57044,26,First
577,42783,372,Economy
578,10236,486,Business
579,19616,447,Business
580,20596,68,Economy
581,47252,357,Business
582,57778,455,Economy
583,45252,212,First
584,80266,375,First
585,54782,393,Economy
586,76383,272,First
587,60763,322,Business
588,26497,107,First
589,86329,41,Business
590,11686,86,Business
591,30638,449,Business
592,16303,21,Business
593,42708,319,Economy
594,23620,102,Economy
595,57046,84,First
596,85153,458,Business
597,2916,302,Economy
598,12493,396,Business
599,44004,225,Business
600,91368,205,Business
601,29215,388,Business
602,72369,203,Economy
603,17322,482,Business
604,17081,226,Economy
605,94148,115,Business
606,28720,288,Business
607,77684,425,First
608,69009,100,First
609,92933,494,First
610,59290,149,Business
611,57924,443,First
612,63906,124,Business
613,67038,312,Economy
614,24954,476,Economy
615,78154,388,First
616,31235,223,First
617,55803,78,Economy
618,43618,302,Business
619,87312,234,First
620,45610,215,Business
621,59259,6,First
622,56310,133,First
623,81675,486,First
624,72224,225,Business
625,93385,85,Business
626,83203,167,First
627,85945,433,Business
628,23645,154,First
629,85088,360,First
630,24544,403,First
631,47019,107,Economy
632,42825,270,First
633,62402,46,Business
634,13864,320,Business
635,14083,93,First
636,94988,233,Business
637,23700,254,First
638,33781,261,First
639,19098,140,Business
640,24628,456,Business
641,1940,394,Business
642,17699,478,First
643,6767,297,Economy
644,83332,244,Business
645,78162,451,First
646,75151,263,First
647,28546,56,Economy
648,6276,437,Economy
649,10691,222,Economy
650,66180,40,First
651,83462,227,Economy
652,7855,421,Business
653,72792,106,Economy
654,49463,249,Economy
655,14896,456,Business
656,35085,7,Business
657,42867,132,First
658,73425,64,Business
659,83526,360,Business
660,37254,279,First
661,14154,226,Economy
662,28829,183,First
663,7004,450,First
664,28046,251,First
665,92087,67,First
666,11054,456,Business
667,28015,11,Business
668,15702,197,First
669,41268,450,First
670,87849,128,First
671,15818,178,Economy
672,31929,121,First
673,34278,137,First
674,90651,356,Economy
675,75618,47,Business
676,58093,173,Economy
677,7555,11,Business
678,41803,476,First
679,39933,444,Economy
680,76438,354,Business
681,88073,23,Business
682,53212,309,Economy
683,18205,134,Business
684,25044,120,Economy
685,65025,398,First
686,73480,356,Economy
687,24559,72,Business
688,25020,497,First
689,94804,342,Business
690,83408,17,Business
691,88173,404,Economy
692,72751,175,First
693,25541,424,Economy
694,59670,401,Economy
695,35110,25,Business
696,9058,137,First
697,19965,260,First
698,25924,361,First
699,41754,32,First
700,28169,443,Business
701,63446,131,Business
702,22704,338,First
703,24744,458,Business
704,41401,62,Business
705,50875,163,Business
706,97623,422,First
707,76451,159,Economy
708,59648,254,Business
709,27751,263,Business
710,73985,311,Business
711,54299,176,First
712,23495,440,Business
713,93595,458,First
714,30913,241,Economy
715,1854,74,Economy
716,61604,354,Economy
717,26645,276,Business
718,8873,247,First
719,33174,479,First
720,37619,330,First
721,95610,72,First
722,9168,181,Economy
723,42486,370,Business
724,23452,185,First
725,45632,87,First
726,14363,387,Economy
727,61241,286,Business
728,15319,210,Business
729,15991,159,Business
730,72411,235,Economy
731,1493,483,First
732,3554,155,First
733,17549,323,Economy
734,34531,98,First
735,89201,425,Economy
736,2225,305,First
737,7414,82,Economy
738,2980,339,Economy
739,33621,73,Economy
740,46509,358,Economy
741,93663,366,Business
742,84027,80,Business
743,11057,455,Business
744,18474,331,First
745,3028,3,Economy
746,8599,110,Economy
747,69070,188,Economy
748,35702,12,Economy
749,5855,242,Business
750,68707,310,Business
751,22720,187,Economy
752,65286,320,Economy
753,16198,355,First
754,20206,478,Economy
755,67357,399,Economy
756,85289,194,Economy
757,53610,363,Economy
758,60948,198,First
759,32617,167,Economy
760,55580,425,First
761,96276,60,Economy
762,8618,138,Business
763,28453,181,Economy
764,20558,211,First
765,83239,338,First
766,43520,381,First
767,19062,335,First
768,67858,457,Business
769,11966,378,Business
770,2942,271,Business
771,74648,377,Business
772,97617,377,Business
773,56616,471,Business
774,95313,225,Business
775,98172,283,Business
776,82304,34,Economy
777,78450,308,Business
778,42274,6,First
779,34395,400,Business
780,68980,310,Business
781,67030,97,Economy
782,26117,459,Business
783,68402,159,Business
784,74938,151,Economy
785,26444,209,First
786,10183,420,First
787,28378,361,Economy
788,72880,451,Business
789,36878,126,Business
790,44516,385,Economy
791,49447,132,Business
792,45881,479,First
793,54545,224,Economy
794,11127,8,First
795,89279,301,Economy
796,82247,244,First
797,93639,134,Business
798,14208,145,First
799,28589,65,First
800,78954,195,Business
801,64802,173,Business
802,96288,122,First
803,93648,416,Business
804,91367,48,Business
805,71507,162,First
806,55435,58,Business
807,47614,95,First
808,43452,270,Business
809,78540,81,First
810,93886,89,First
811,43820,137,First
812,45976,66,Economy
813,42969,159,First
814,92779,317,Economy
815,96305,115,Economy
816,91441,236,Business
817,21088,372,First
818,56501,105,Economy
819,71389,253,Business
820,59640,223,First
821,30353,174,Economy
822,26640,304,First
823,64055,313,First
824,55742,64,Economy
825,18517,119,First
826,43602,89,Economy
827,59210,168,First
828,81669,80,Economy
829,30514,37,First
830,12738,157,Business
831,6622,340,First
832,63909,292,Economy
833,87034,479,Business
834,43752,260,Business
835,86828,454,Economy
836,72666,121,Economy
837,17084,450,Business
838,30497,168,First
839,38402,350,First
840,44614,498,Economy
841,31494,355,Economy
842,44484,221,Economy
843,59764,385,First
844,89908,300,Economy
845,57358,401,First
846,28258,40,Business
847,82250,179,Business
848,50409,235,Economy
849,26906,478,First
850,17836,254,Economy
851,21059,242,Business
852,80553,374,Economy
853,98035,248,Economy
854,39821,400,First
855,39643,129,First
856,79474,466,Economy
857,52395,180,Economy
858,88725,327,Economy
859,46696,252,First
860,55220,283,First
861,50553,302,Business
862,56872,408,First
863,68189,268,Business
864,69525,61,Business
865,46954,291,Economy
866,95171,267,First
867,69809,319,Business
868,31739,9,Business
869,9480,218,Business
870,71529,88,Business
871,36753,141,First
872,78351,124,Business
873,34603,31,First
874,42811,286,First
875,9643,172,Economy
876,69847,215,First
877,28529,439,Economy
878,5947,444,Business
879,89702,397,Business
880,77332,222,Business
881,95465,22,First
882,79530,265,First
883,68301,353,Business
884,54039,270,Business
885,17508,89,Economy
886,66268,4,First
887,74233,148,First
888,61980,169,First
889,9473,490,First
890,82886,437,First
891,51625,52,First
892,58419,139,First
893,93433,283,Economy
894,38649,31,First
895,83448,129,Economy
896,91728,486,Business
897,36547,354,Business
898,52118,385,First
899,92802,228,First
900,18334,310,Economy
901,11085,477,Business
902,34847,425,First
903,3114,493,Business
904,65292,253,Business
905,86738,225,Economy
906,79098,177,First
907,75072,458,Business
908,21899,51,Economy
909,89195,189,Economy
910,94855,20,First
911,46689,353,First
912,35379,250,First
913,19995,378,Business
914,65616,344,Economy
915,9807,79,First
916,72548,29,Economy
917,57952,185,Economy
918,97047,211,Business
919,87975,285,First
920,50395,105,Economy
921,59359,131,Economy
922,74078,352,Business
923,5083,30,Business
924,7929,259,Economy
925,31613,49,First
926,67060,456,Economy
927,96367,137,First
928,37184,173,Economy
929,66242,102,Economy
930,14000,30,Business
931,65083,215,Economy
932,83286,153,Economy
933,20226,491,Economy
934,93488,143,Business
935,89393,307,First
936,96642,259,First
937,36901,291,First
938,27250,469,Economy
939,54234,232,Economy
940,11179,198,Business
941,31267,251,Economy
942,42487,245,First
943,3202,405,Economy
944,38973,290,First
945,23424,433,Economy
946,7854,68,First
947,966,321,Business
948,69875,231,Economy
949,60662,390,First
950,10360,286,Economy
951,63958,226,First
952,53581,150,Business
953,92889,208,Business
954,3521,322,Economy
955,61009,430,First
956,14417,135,Business
957,35812,173,Business
958,7582,415,Business
959,33120,311,Economy
960,36448,177,Business
961,81605,225,Economy
962,50336,26,First
963,49322,491,First
964,12387,352,Economy
965,53325,23,First
966,76990,173,First
967,62910,392,First
968,52547,116,First
969,8942,200,Business
970,42142,417,Business
971,78896,228,Economy
972,66265,130,Business
973,33814,284,First
974,92455,443,Economy
975,79829,135,First
976,11070,122,Economy
977,54748,285,First
978,18052,251,First
979,9510,390,Business
980,4926,316,Business
981,6800,450,First
982,25844,64,Economy
983,21855,297,First
984,66425,99,Business
985,20119,236,First
986,72513,43,Business
987,93931,450,Economy
988,25768,310,Business
989,25110,230,Business
990,54605,212,Economy
991,15143,29,Economy
992,47463,159,Economy
993,88076,178,Business
994,70369,275,Economy
995,20884,469,Business
996,71550,122,Business
997,15819,284,Economy
998,86465,391,Economy
999,38737,48,First
1000,75249,315,Business
1001,58080,67,Economy
1002,82438,132,Business
1003,68264,31,Economy
1004,19314,352,First
1005,82863,374,First
1006,55143,312,First
1007,95425,359,Economy
1008,64540,157,Economy
1009,45098,441,Business
1010,57610,253,First
1011,48164,457,Business
1012,3762,164,Business
1013,51439,73,Economy
1014,48155,358,Economy
1015,7727,76,Economy
1016,17102,459,First
1017,68480,429,First
1018,43997,193,First
1019,72936,146,Economy
1020,37066,70,Economy
1021,92832,449,Economy
1022,69544,344,Economy
1023,8933,28,First
1024,22280,263,Economy
1025,8416,446,Economy
1026,84311,470,Business
1027,55027,280,First
1028,78555,444,Business
1029,68021,380,First
1030,74730,169,Business
1031,78470,203,Economy
1032,62689,431,First
1033,84622,99,First
1034,96980,375,First
1035,56633,326,Economy
1036,56015,8,First
1037,83933,31,Business
1038,69695,476,First
1039,43872,383,First
1040,90290,60,Economy
1041,13883,245,First
1042,64536,83,Business
1043,33599,440,Business
1044,4078,464,Economy
1045,54753,464,Economy
1046,18244,119,Economy
1047,8206,254,Business
1048,91844,407,Business
1049,66665,4,First
1050,96468,246,Economy
1051,43202,314,Business
1052,94842,247,Business
1053,27319,61,First
1054,91372,290,Economy
1055,45269,287,Economy
1056,39379,10,First
1057,17842,450,First
1058,48384,260,Business
1059,55116,372,Economy
1060,1646,179,First
1061,6875,73,Business
1062,4840,474,First
1063,96939,315,Economy
1064,89107,77,First
1065,40854,154,Business
1066,14080,49,First
1067,22388,380,Economy
1068,65338,206,First
1069,65951,452,First
1070,96303,76,First
1071,42449,207,Economy
1072,85239,105,Business
1073,80050,345,First
1074,3852,163,Economy
1075,4679,43,Economy
1076,28971,353,First
1077,20437,64,Economy
1078,84502,44,First
1079,26686,283,First
1080,18737,267,Business
1081,56706,189,Economy
1082,35148,254,Business
1083,96532,25,First
1084,62695,70,Business
1085,78769,312,First
1086,14959,36,Economy
1087,10031,87,Business
1088,30844,196,Business
1089,12902,293,First
1090,28558,11,First
1091,71861,255,First
1092,12704,154,Economy
1093,96498,297,Economy
1094,91083,217,Business
1095,94915,302,First
1096,14807,352,First
1097,30250,303,Business
1098,25234,348,Economy
1099,4528,196,Business
1100,92351,321,Business
1101,54675,126,Economy
1102,47982,354,Business
1103,54224,1,Economy
1104,94080,120,First
1105,36986,215,Economy
1106,90719,482,First
1107,81201,303,Economy
1108,14796,110,Economy
1109,23002,356,First
1110,4410,20,First
1111,62967,332,Economy
1112,54049,124,Economy
1113,95775,59,Economy
1114,87745,173,Business
1115,93697,359,Economy
1116,77965,285,Economy
1117,55882,200,First
1118,62804,134,Business
1119,27711,321,Economy
1120,38087,307,First
1121,38759,337,Business
1122,41204,312,First
1123,81567,234,Business
1124,47982,174,Economy
1125,83015,430,First
1126,67114,183,First
1127,26376,279,Business
1128,37401,486,Business
1129,1601,222,First
1130,36751,25,Economy
1131,2127,274,Economy
1132,782,440,Economy
1133,32698,87,Economy
1134,80408,53,Business
1135,25719,101,Business
1136,10228,182,Economy
1137,68680,276,Economy
1138,80676,252,Business
1139,45572,386,First
1140,53803,494,First
1141,6468,176,Economy
1142,63260,93,Economy
1143,50891,90,Economy
1144,5207,229,Business
1145,69426,339,Business
1146,74158,428,First
1147,61156,104,First
1148,61559,309,First
1149,46813,469,Business
1150,6625,121,Economy
1151,82027,215,First
1152,89956,65,Economy
1153,24940,267,Business
1154,11270,26,Business
1155,62528,419,Business
1156,31280,118,First
1157,5982,91,Business
1158,20729,41,Economy
1159,69203,481,First
1160,24135,305,Business
1161,41784,162,First
1162,88355,432,First
1163,21260,171,First
1164,3565,402,First
1165,42052,441,Economy
1166,6249,143,Business
1167,9763,25,First
1168,15851,140,Economy
1169,22109,335,First
1170,90370,249,Business
1171,10355,385,Business
1172,67343,61,Economy
1173,41325,486,Economy
1174,5879,104,First
1175,75125,31,Economy
1176,42791,186,Economy
1177,25264,210,First
1178,51808,497,Business
1179,51309,405,Business
1180,2706,185,Business
1181,80978,272,First
1182,51207,231,Business
1183,78578,61,First
1184,3033,133,First
1185,5721,365,Economy
1186,60061,274,Business
1187,87860,258,Business
1188,37585,432,First
1189,16266,294,First
1190,53651,94,Economy
1191,24264,433,Business
1192,2073,353,Business
1193,19068,325,First
1194,83092,265,First
1195,24460,423,First
1196,39554,280,First
1197,34258,375,Business
1198,11603,92,First
1199,632,246,First
1200,2311,267,Business
1201,30121,372,Business
1202,53202,405,Economy
1203,37512,408,Economy
1204,22544,189,First
1205,17456,110,Business
1206,28855,55,Business
1207,18320,236,First
1208,96361,423,First
1209,1121,214,Business
1210,21767,118,Economy
1211,73736,498,First
1212,541,89,Economy
1213,73033,18,Business
1214,10084,319,Business
1215,72610,192,First
1216,18536,153,Economy
1217,54709,272,Economy
1218,28153,259,First
1219,42687,303,Economy
1220,44936,117,Economy
1221,4605,452,First
1222,8861,2,Business
1223,75230,386,Economy
1224,49252,124,Business
1225,97185,215,Economy
1226,71925,191,Economy
1227,60860,491,Economy
1228,49211,247,Business
1229,24563,397,Economy
1230,57024,13,Business
1231,43155,309,Business
1232,32922,379,Business
1233,88722,266,First
1234,287,125,Business
1235,17634,151,First
1236,49256,156,First
1237,22182,59,First
1238,31236,357,First
1239,27668,223,First
1240,35670,443,Business
1241,15217,43,First
1242,26621,391,Business
1243,85202,148,First
1244,10099,77,First
1245,82462,156,First
1246,85217,249,Economy
1247,41144,457,First
1248,55360,422,First
1249,21380,454,Economy
1250,37117,495,Business
1251,21260,417,First
1252,58755,345,First
1253,75608,40,First
1254,7328,233,First
1255,57695,237,Business
1256,8499,273,First
1257,52160,188,Economy
1258,18794,343,First
1259,84938,298,Economy
1260,95986,264,Business
1261,42145,58,First
1262,74856,213,First
1263,52936,296,First
1264,48640,315,First
1265,42433,410,Economy
1266,14542,90,Business
1267,54640,316,First
1268,93536,257,First
1269,14611,309,Business
1270,18740,458,Economy
1271,19740,31,Business
1272,75726,400,First
1273,83557,8,Business
1274,54248,366,First
1275,88524,368,Business
1276,18228,178,First
1277,2875,169,Economy
1278,33579,338,Business
1279,35977,156,Business
1280,8832,355,First
1281,15907,187,Economy
1282,98496,142,First
1283,63855,96,Business
1284,79587,100,Economy
1285,72258,303,First
1286,97333,180,Economy
1287,58774,80,Economy
1288,84439,226,Business
1289,37706,106,Economy
1290,52967,449,Business
1291,87444,445,Business
1292,18327,155,Business
1293,73736,457,First
1294,64197,298,Economy
1295,13569,2,Business
1296,31312,50,Business
1297,3886,22,Business
1298,167,54,Business
1299,2114,215,Economy
1300,29413,406,Economy
1301,83597,470,Economy
1302,90682,405,First
1303,20254,335,Economy
1304,61483,485,Economy
1305,1139,88,Economy
1306,77704,139,Economy
1307,3053,72,Business
1308,10995,44,Economy
1309,9649,230,Economy
1310,22395,129,Economy
1311,46352,398,Economy
1312,51197,82,First
1313,66660,75,Business
1314,89875,187,Economy
1315,72753,460,Business
1316,56916,80,Business
1317,2597,71,Economy
1318,39061,390,First
1319,75837,358,Business
1320,95900,456,First
1321,23666,281,First
1322,87707,403,Business
1323,52988,32,First
1324,90,215,Economy
1325,56009,327,Business
1326,9085,354,Economy
1327,32964,109,First
1328,79675,105,First
1329,23730,119,Economy
1330,33062,343,First
1331,46406,246,Economy
1332,57165,155,Economy
1333,80370,397,Economy
1334,9969,234,Business
1335,32193,206,First
1336,67809,117,Business
1337,34147,58,First
1338,22693,50,Economy
1339,11175,331,Economy
1340,8615,4,Economy
1341,83379,488,Business
1342,16859,383,Economy
1343,74762,97,Business
1344,47452,87,Business
1345,14601,176,Economy
1346,13328,451,Economy
1347,34640,21,Economy
1348,77763,431,Economy
1349,54796,146,Business
1350,55322,397,Economy
1351,48666,477,Business
1352,84372,229,Economy
1353,63577,252,Business
1354,73816,60,Business
1355,33912,7,Business
1356,51848,16,First
1357,22777,14,First
1358,88875,204,First
1359,91129,431,Business
1360,20392,433,Economy
1361,7492,48,Economy
1362,48963,349,Business
1363,68339,500,Economy
1364,1053,108,Economy
1365,48032,260,Economy
1366,81507,161,Economy
1367,20990,198,Economy
1368,3109,144,Economy
1369,50128,268,Business
1370,32848,88,Business
1371,55493,345,Economy
1372,45765,494,First
1373,10733,473,First
1374,90534,131,First
1375,33068,43,First
1376,43949,284,Economy
1377,39742,197,Business
1378,40194,57,First
1379,49418,126,Business
1380,91124,450,Business
1381,34020,72,Economy
1382,24925,204,First
1383,14061,398,First
1384,22741,471,First
1385,85751,420,Economy
1386,51716,144,First
1387,86735,123,First
1388,98617,492,Economy
1389,10971,483,First
1390,83746,67,Economy
1391,53920,148,Economy
1392,81715,307,Economy
1393,55406,257,Economy
1394,23683,448,First
1395,35089,11,First
1396,54082,250,First
1397,75658,342,First
1398,81906,88,First
1399,94791,41,Economy
1400,93055,412,First
1401,89836,185,Business
1402,14244,251,Business
1403,28520,117,Business
1404,94662,72,Business
1405,80612,386,Business
1406,9201,381,First
1407,67015,472,Economy
1408,46345,284,First
1409,85275,497,First
1410,27492,195,Economy
1411,48189,486,Business
1412,37761,154,Business
1413,80245,104,Economy
1414,75474,143,Economy
1415,67061,487,Business
1416,17815,129,First
1417,19640,329,First
1418,50834,423,Economy
1419,34738,1,Economy
1420,32535,395,Business
1421,7777,379,First
1422,45007,226,Business
1423,39677,445,First
1424,77914,302,Business
1425,92496,194,First
1426,7272,46,First
1427,74540,282,Economy
1428,40654,346,First
1429,70099,326,Economy
1430,50984,436,Business
1431,13800,137,Economy
1432,12788,270,Business
1433,65221,92,Business
1434,72716,140,First
1435,55145,386,Economy
1436,27978,232,Economy
1437,2622,211,Business
1438,86841,437,Economy
1439,69566,61,Economy
1440,44814,30,Business
1441,70306,116,Business
1442,95270,118,Business
1443,18645,483,Business
1444,82015,195,Economy
1445,58989,234,Economy
1446,40778,316,First
1447,53004,34,Economy
1448,23066,113,First
1449,45851,344,Economy
1450,2055,104,Economy
1451,74540,419,Economy
1452,76973,202,Business
1453,50299,103,Business
1454,75802,433,First
1455,45776,472,First
1456,32988,8,First
1457,80585,316,Economy
1458,23048,477,Economy
1459,56517,47,First
1460,55592,468,First
1461,73050,252,First
1462,90350,287,Economy
1463,35996,9,Economy
1464,29267,121,First
1465,55042,184,Business
1466,60681,153,First
1467,67215,211,Business
1468,30188,317,Business
1469,26340,477,First
1470,8715,140,Economy
1471,41822,30,Business
1472,91244,338,First
1473,25212,442,Economy
1474,67650,260,Economy
1475,35523,325,Economy
1476,63985,246,Business
1477,43444,78,Business
1478,26662,160,Business
1479,73586,262,First
1480,65061,172,First
1481,12330,160,First
1482,88052,22,Economy
1483,67741,440,Business
1484,4299,298,Business
1485,8455,372,Economy
1486,4994,198,Economy
1487,63618,59,Business
1488,11333,260,First
1489,16502,122,First
1490,14608,263,Economy
1491,87255,260,Economy
1492,27410,30,First
1493,70291,257,First
1494,93061,372,Economy
1495,63055,94,First
1496,25651,294,Economy
1497,52777,399,First
1498,55590,140,Economy
1499,8737,33,Business
1500,31355,359,Economy
1501,58342,70,Business
1502,50372,132,Business
1503,69236,62,Economy
1504,64346,397,Business
1505,44309,449,Business
1506,95803,200,First
1507,59345,471,Economy
1508,44543,472,Business
1509,52975,133,First
1510,20741,159,Economy
1511,39860,445,First
1512,73334,378,Economy
1513,85934,339,Economy
1514,25601,24,Business
1515,61276,385,Economy
1516,50230,189,Business
1517,81601,280,Business
1518,4563,474,First
1519,71649,93,First
1520,9457,62,Economy
1521,766,252,First
1522,71057,446,First
1523,56997,444,First
1524,69543,169,Economy
1525,93092,51,Economy
1526,54915,293,Business
1527,56846,210,Business
1528,28270,288,Economy
1529,63464,35,Business
1530,68983,190,Business
1531,75529,64,Business
1532,63650,183,First
1533,60923,30,Business
1534,6478,349,Economy
1535,19534,282,First
1536,12182,323,Economy
1537,19622,172,Business
1538,93795,418,First
1539,87117,464,Economy
1540,361,157,Business
1541,6782,238,Business
1542,29805,256,Economy
1543,16016,52,Economy
1544,79091,205,Business
1545,72987,284,Business
1546,29577,198,Business
1547,52924,160,Economy
1548,61033,297,First
1549,39306,30,Economy
1550,83023,156,First
1551,44027,275,Economy
1552,11304,24,Business
1553,11026,3,First
1554,65415,261,Economy
1555,45838,357,Business
1556,67378,111,Business
1557,4342,124,First
1558,30401,105,Business
1559,69356,319,Business
1560,72040,406,Economy
1561,624,441,Economy
1562,86313,219,Business
1563,4878,295,First
1564,39697,434,Business
1565,24623,270,Economy
1566,31830,439,Economy
1567,27650,491,First
1568,35315,253,Economy
1569,44900,453,First
1570,34325,143,Economy
1571,51305,141,Economy
1572,24281,80,Business
1573,60815,262,First
1574,41111,24,Business
1575,31422,398,Business
1576,63827,147,First
1577,96541,219,Economy
1578,35078,129,Economy
1579,78376,135,Business
1580,14497,83,Business
1581,29006,230,Economy
1582,84228,262,First
1583,96155,211,Business
1584,42115,258,Business
1585,1168,490,First
1586,9000,359,Business
1587,47241,2,First
1588,28312,482,Business
1589,1805,95,Economy
1590,9898,325,Business
1591,44303,36,Economy
1592,21625,347,First
1593,47768,314,First
1594,57662,14,First
1595,37968,302,First
1596,11672,203,Economy
1597,20106,462,Economy
1598,59060,301,First
1599,96474,290,First
1600,29246,474,First
1601,98419,177,Economy
1602,61680,30,Business
1603,36678,298,Economy
1604,2323,321,Business
1605,51926,1,Economy
1606,44058,157,First
1607,32911,369,Business
1608,82364,364,Business
1609,43523,176,First
1610,15143,105,Economy
1611,45979,72,Business
1612,94439,4,First
1613,14474,11,Business
1614,1632,23,Economy
1615,52106,326,Business
1616,20094,59,Business
1617,45881,370,Business
1618,68671,19,First
1619,47740,479,Business
1620,87390,377,First
1621,4858,144,First
1622,67309,161,Economy
1623,32135,295,First
1624,12456,427,Business
1625,44583,80,First
1626,46078,253,First
1627,34498,215,Business
1628,45714,223,Business
1629,16619,37,Economy
1630,11060,459,Business
1631,1230,19,Economy
1632,20412,470,Economy
1633,20181,133,Economy
1634,52353,435,Business
1635,62170,72,Business
1636,11149,37,First
1637,88323,88,Economy
1638,64843,326,First
1639,32169,153,Business
1640,78679,109,First
1641,38559,375,Business
1642,14796,243,Business
1643,30370,319,Economy
1644,20606,256,First
1645,58045,312,First
1646,35051,299,Business
1647,89539,324,Economy
1648,17891,303,First
1649,67486,96,Economy
1650,64466,110,First
1651,24633,239,Business
1652,11642,156,Business
1653,74393,184,First
1654,90197,106,First
1655,28438,137,Economy
1656,9710,221,Business
1657,89150,394,First
1658,57665,64,First
1659,42827,271,Business
1660,81587,434,First
1661,34785,309,Business
1662,17775,412,First
1663,47084,55,Economy
1664,81596,319,First
1665,45542,355,First
1666,21037,500,Business
1667,7495,481,Economy
1668,82434,108,Economy
1669,53407,170,Economy
1670,23851,297,Economy
1671,23657,138,Economy
1672,94196,102,Economy
1673,19957,493,Economy
1674,80957,73,Business
1675,16452,337,First
1676,38904,165,First
1677,68663,65,First
1678,93186,26,Business
1679,37714,392,Business
1680,66774,22,First
1681,78056,133,Business
1682,58860,308,Economy
1683,59000,92,Business
1684,45336,56,First
1685,71044,323,First
1686,42235,209,First
1687,1892,180,First
1688,36637,420,Economy
1689,78669,205,First
1690,61219,149,First
1691,56921,159,Business
1692,57694,22,Economy
1693,89785,120,Business
1694,3433,459,Economy
1695,56187,495,Economy
1696,15016,148,Economy
1697,84716,297,Business
1698,9663,415,Business
1699,79456,405,Economy
1700,24610,242,Business
1701,77459,174,Economy
1702,39904,97,Business
1703,61729,364,Business
1704,79671,132,Economy
1705,69639,397,Business
1706,74932,257,Economy
1707,13148,264,Business
1708,12487,211,Business
1709,47349,108,Business
1710,17426,198,Economy
1711,2748,49,Business
1712,83916,455,Business
1713,56476,340,First
1714,16881,274,Business
1715,3318,335,Business
1716,82236,459,Business
1717,66980,192,Business
1718,13849,142,Business
1719,58895,316,Economy
1720,1350,48,First
1721,12782,336,First
1722,56659,217,Business
1723,62416,11,First
1724,91687,207,First
1725,22488,142,Business
1726,44234,420,First
1727,1818,116,Business
1728,72935,347,Economy
1729,10487,58,Economy
1730,47286,133,Economy
1731,62108,401,Economy
1732,36631,121,Business
1733,70256,36,Economy
1734,40154,268,Economy
1735,94023,196,Business
1736,65132,372,Economy
1737,64644,392,Business
1738,13491,94,First
1739,6723,60,First
1740,42274,381,Business
1741,34347,267,Business
1742,57361,197,Business
1743,67380,14,Business
1744,41216,470,Economy
1745,37525,174,First
1746,89458,276,Business
1747,37853,493,Business
1748,83580,85,Economy
1749,36552,251,Business
1750,91767,375,Business
1751,54399,318,First
1752,11802,491,Business
1753,17226,310,Economy
1754,56769,7,Economy
1755,17361,319,First
1756,4186,433,Business
1757,24570,65,First
1758,5641,139,Economy
1759,62673,489,Business
1760,87281,174,First
1761,74160,236,First
1762,31541,290,Economy
1763,59034,273,First
1764,49304,353,Economy
1765,85732,325,Business
1766,29769,432,Business
1767,60325,486,First
1768,10448,216,First
1769,20225,454,Business
1770,50981,361,First
1771,90285,480,Business
1772,87727,34,Business
1773,49427,190,Business
1774,15059,241,Business
1775,49786,463,First
1776,75224,438,First
1777,55692,29,First
1778,24067,164,Business
1779,28892,182,Economy
1780,24502,466,First
1781,88761,365,First
1782,33246,33,Business
1783,93568,424,Economy
1784,37156,114,Economy
1785,77426,99,Business
1786,82137,119,Business
1787,1923,9,Business
1788,56475,178,First
1789,69671,344,First
1790,20763,3,Economy
1791,40211,280,Economy
1792,91333,76,First
1793,64587,460,First
1794,5292,414,First
1795,30945,341,Economy
1796,30543,450,First
1797,3651,398,Economy
1798,53523,133,Business
1799,45650,129,First
1800,78583,450,Economy
1801,30612,242,Economy
1802,36259,65,First
1803,50479,480,First
1804,21337,414,Economy
1805,3891,305,Business
1806,15904,2,First
1807,82574,350,First
1808,7221,169,Business
1809,6140,349,First
1810,88052,89,Economy
1811,62940,325,First
1812,43108,177,Business
1813,47393,41,Business
1814,74406,260,Economy
1815,91481,254,Business
1816,9510,122,Economy
1817,28496,244,Economy
1818,44088,467,Economy
1819,50142,458,Business
1820,75729,68,Business
1821,38655,98,Economy
1822,16822,19,First
1823,16682,495,Business
1824,87403,257,Economy
1825,43525,317,Economy
1826,82729,330,Economy
1827,72171,86,Economy
1828,48027,453,Economy
1829,58157,282,Economy
1830,46018,454,Business
1831,61347,239,Economy
1832,25789,167,First
1833,48378,38,Business
1834,65651,221,Business
1835,84764,489,Economy
1836,93703,93,First
1837,17909,479,First
1838,77008,316,Economy
1839,43988,97,Economy
1840,13727,235,Economy
1841,49845,84,First
1842,6877,70,Economy
1843,44227,100,First
1844,36829,140,Economy
1845,68067,420,Business
1846,3561,417,Business
1847,85550,381,Business
1848,27983,67,Business
1849,49497,162,First
1850,31359,494,First
1851,52043,80,Economy
1852,45485,191,Economy
1853,29312,99,Economy
1854,4877,383,Economy
1855,96200,494,Business
1856,665,427,Business
1857,76324,94,Business
1858,80849,309,Business
1859,88586,88,Business
1860,69451,113,Economy
1861,49023,437,First
1862,19184,59,Business
1863,23687,399,First
1864,92121,68,Business
1865,78773,169,Business
1866,64540,351,First
1867,93591,429,Business
1868,73764,316,Economy
1869,63356,243,Economy
1870,25252,405,Economy
1871,51812,186,First
1872,26221,127,First
1873,63157,14,Economy
1874,45346,72,First
1875,11239,104,First
1876,12637,386,First
1877,63423,288,Business
1878,48016,236,Business
1879,3196,368,Business
1880,43379,431,Economy
1881,97885,355,First
1882,75882,77,First
1883,29198,362,Business
1884,84265,115,Economy
1885,41000,133,First
1886,93097,227,First
1887,28495,467,First
1888,27980,68,First
1889,64316,348,Economy
1890,2947,10,Business
1891,30775,328,Economy
1892,36680,160,Business
1893,18455,91,Business
1894,33582,383,Economy
1895,14238,449,First
1896,82060,387,First
1897,23519,144,Business
1898,74215,429,Economy
1899,47247,332,Economy
1900,21751,421,First
1901,26587,475,Business
1902,65551,213,Business
1903,94128,406,Business
1904,6133,204,First
1905,92531,361,Business
1906,90034,394,Economy
1907,42921,83,First
1908,17002,45,Economy
1909,72689,305,Business
1910,50791,373,Business
1911,4001,422,Business
1912,45693,21,Business
1913,21904,120,Business
1914,56794,354,First
1915,6405,483,First
1916,93698,378,Economy
1917,6853,195,Business
1918,91413,246,First
1919,94617,411,Business
1920,54817,436,Business
1921,61649,59,Business
1922,49256,129,First
1923,91476,466,First
1924,7115,79,Business
1925,33320,191,Economy
1926,52022,281,Business
1927,98467,376,First
1928,65277,465,Economy
1929,30020,35,Business
1930,15356,168,Business
1931,61806,261,First
1932,96117,20,Economy
1933,62363,96,Economy
1934,6117,471,First
1935,8529,272,Economy
1936,61045,250,Business
1937,6026,14,First
1938,3660,365,Business
1939,60884,382,Economy
1940,218,308,Business
1941,12454,258,Economy
1942,51169,80,Business
1943,11419,268,Economy
1944,51490,54,First
1945,28086,124,Economy
1946,38144,122,Business
1947,95678,132,First
1948,32705,398,First
1949,8549,14,Economy
1950,77214,310,Economy
1951,63675,213,Economy
1952,21407,131,Economy
1953,5720,252,Economy
1954,89142,417,Economy
1955,31935,21,Business
1956,46833,191,First
1957,17392,67,Business
1958,11198,473,Economy
1959,14457,77,First
1960,61165,462,Business
1961,78725,236,Economy
1962,4436,380,Economy
1963,6409,78,Economy
1964,35003,70,Economy
1965,12539,176,Business
1966,68721,317,First
1967,59406,354,Economy
1968,85144,212,First
1969,53458,44,Business
1970,13823,223,First
1971,13001,396,Economy
1972,22610,208,Business
1973,50015,162,First
1974,59238,297,First
1975,40572,418,First
1976,69246,275,Business
1977,60462,386,Economy
1978,13185,110,Business
1979,9511,152,First
1980,50836,462,Business
1981,468,47,Business
1982,62217,94,First
1983,84526,123,Economy
1984,36497,321,First
1985,25902,239,First
1986,13502,165,Business
1987,71947,413,Economy
1988,43898,35,Economy
1989,68173,457,Business
1990,73088,96,First
1991,61441,175,First
1992,19632,172,Business
1993,34696,363,First
1994,9957,247,Economy
1995,41077,36,First
1996,36935,441,Economy
1997,93160,405,Economy
1998,37931,374,First
1999,25816,151,Economy
2000,55902,321,First
