ID,Passenger_ID,Route ID,Class
1,2460,277,Economy
2,48627,320,Business
3,57083,90,Economy
4,12320,382,Economy
5,12696,314,Economy
6,95090,71,Economy
7,63952,68,Economy
8,51084,170,Economy
9,75598,273,Business
10,33139,416,First
11,61129,200,Business
12,95390,1,Business
13,85372,453,Business
14,84535,24,Economy
15,69751,137,Economy
16,61887,441,Economy
17,15869,500,Economy
18,6064,385,Economy
19,37908,292,Business
20,24364,489,First
21,24585,360,Economy
22,22152,44,Economy
23,65608,300,Business
24,60725,249,Economy
25,40147,380,Economy
26,95522,313,Economy
27,8396,461,Economy
28,59775,234,Economy
29,48183,458,Economy
30,68403,53,Economy
31,15209,491,Economy
32,78375,203,Economy
33,17498,95,Economy
34,4371,400,Economy
35,56756,80,Economy
36,14220,37,Economy
37,12537,240,Economy
38,275,220,Economy
39,26304,102,Economy
40,24202,153,Economy
41,59907,179,Economy
42,37771,387,First
43,50324,24,Economy
44,24152,91,Economy
45,79355,11,First
46,703,206,First
47,90457,307,Economy
48,77157,165,Business
49,33217,93,Economy
50,57001,99,Economy
51,87038,368,Economy
52,64922,9,Economy
53,95980,291,Economy
54,72097,326,Business
55,22853,449,Business
56,89540,65,Economy
57,78904,367,Economy
58,28142,373,Economy
59,65185,9,Economy
60,85945,381,Economy
61,71565,125,Business
62,18475,404,Business
63,87640,231,Economy
64,32149,108,First
65,88050,285,Economy
66,34558,88,Economy
67,95725,158,Economy
68,32357,257,Business
69,86640,207,Business
70,35853,339,First
71,10423,12,Economy
72,79316,308,Economy
73,40756,216,Economy
74,77485,114,Business
75,24461,306,Economy
76,28409,21,First
77,20742,272,Economy
78,27421,190,First
79,56829,84,Economy
80,35321,424,Economy
81,94970,11,Economy
82,83313,434,First
83,79185,237,Economy
84,77185,54,Business
85,49349,194,Economy
86,76348,448,Business
87,10863,423,Economy
88,158,122,Economy
89,19541,430,Economy
90,20075,419,Economy
91,91311,134,Business
92,85258,281,Economy
93,25081,324,Economy
94,88957,335,First
95,97320,255,Economy
96,23796,442,Economy
97,6463,453,Economy
98,87616,361,Business
99,58482,27,Business
100,33433,33,Economy
101,80633,45,Economy
102,49080,402,Economy
103,44457,373,Economy
104,3295,85,Economy
105,75978,446,First
106,11896,72,Economy
107,34031,75,Economy
108,51643,166,Economy
109,80580,101,Economy
110,54104,497,Economy
111,96215,333,Economy
112,95855,325,Economy
113,2739,397,Economy
114,10378,373,Economy
115,81941,285,Economy
116,40764,251,Economy
117,85889,243,Economy
118,3139,213,Economy
119,56518,300,Business
120,37262,144,Economy
121,51536,98,Economy
122,83540,434,Economy
123,25859,146,Economy
124,80522,434,Economy
125,74844,117,Economy
126,7224,299,Economy
127,2910,384,Economy
128,95980,321,First
129,832,269,Economy
130,94306,453,Economy
131,74753,383,First
132,75487,258,Economy
133,37684,447,Economy
134,27735,41,Business
135,14737,100,Economy
136,4017,492,Economy
137,27033,407,Economy
138,71265,286,Economy
139,62964,355,Economy
140,61881,418,Economy
141,74595,387,Economy
142,43203,335,Economy
143,67812,142,Economy
144,97645,486,Economy
145,27591,208,Economy
146,82736,419,Economy
147,93309,168,Economy
148,53525,452,Business
149,33625,392,First
150,24945,42,Economy
151,18103,233,Economy
152,4811,419,Economy
153,35296,316,Business
154,57431,363,Economy
155,41952,271,Economy
156,40996,204,First
157,20019,330,First
158,15808,267,Economy
159,54535,49,Economy
160,8616,210,Business
161,19046,186,Business
162,11618,35,Economy
163,95177,152,Economy
164,61551,321,Economy
165,71820,286,Business
166,72056,34,Business
167,90801,459,Economy
168,13807,110,Economy
169,38106,352,Economy
170,85453,366,Economy
171,36916,426,Economy
172,41855,106,Economy
173,16596,351,Economy
174,78360,219,Economy
175,62334,303,Business
176,27696,163,Economy
177,82907,369,Economy
178,22435,85,Economy
179,83532,271,First
180,79190,72,Economy
181,14234,313,Economy
182,33859,94,Business
183,78296,438,Economy
184,23881,425,Business
185,31279,82,Economy
186,39249,176,Economy
187,69033,331,Economy
188,69758,305,Business
189,67021,375,Economy
190,64777,160,Economy
191,85710,323,Business
192,83780,144,First
193,78084,167,Economy
194,75163,91,Economy
195,58054,289,Economy
196,75253,157,Economy
197,36595,497,Economy
198,15877,307,Economy
199,66678,37,Economy
200,83712,41,Economy
201,34684,382,Economy
202,3442,442,Economy
203,16131,349,Economy
204,51219,345,First
205,67230,402,Economy
206,67648,187,Business
207,11632,349,Economy
208,34708,122,Economy
209,29801,107,Economy
210,20543,356,Business
211,80064,296,Economy
212,41955,13,Economy
213,17030,474,Business
214,84018,270,First
215,70947,498,Economy
216,67856,282,Economy
217,8929,40,Economy
218,36162,318,Economy
219,49920,280,Economy
220,83270,6,Economy
221,10452,324,Economy
222,40868,49,Business
223,7059,296,Economy
224,57,92,Economy
225,50402,424,First
226,93698,337,Economy
227,9473,272,Economy
228,75250,79,Business
229,10202,141,Economy
230,40692,262,Economy
231,1888,475,First
232,66311,446,First
233,35541,359,Economy
234,2592,322,First
235,28644,248,Economy
236,94318,77,Economy
237,25297,296,Economy
238,39782,363,Economy
239,31395,107,First
240,42871,254,Economy
241,37793,143,Business
242,91132,136,Economy
243,6744,383,Economy
244,28188,134,Business
245,36860,271,Economy
246,64178,280,Economy
247,41024,345,Economy
248,33149,302,Economy
249,5522,403,Economy
250,30056,205,Economy
251,35224,98,First
252,61292,281,Economy
253,34577,186,First
254,35358,138,First
255,96221,154,Economy
256,8663,263,Economy
257,24419,444,Economy
258,55213,149,First
259,76985,308,Economy
260,30880,80,Economy
261,58977,491,Economy
262,14951,270,Economy
263,64575,396,Economy
264,24117,107,First
265,97472,476,Economy
266,15477,38,Economy
267,30674,453,First
268,82861,429,Economy
269,24739,131,Economy
270,68700,129,Economy
271,50830,183,Economy
272,43031,21,Economy
273,84418,352,Economy
274,21949,443,Economy
275,2261,161,Economy
276,42662,321,Business
277,88621,459,Economy
278,25280,344,Economy
279,44902,474,Economy
280,69835,483,Economy
281,23450,306,Economy
282,91372,418,Economy
283,58099,433,Economy
284,44959,327,First
285,86714,152,Economy
286,74287,51,Economy
287,53147,104,Business
288,52743,1,Economy
289,25722,226,Economy
290,55764,19,Economy
291,48134,486,Economy
292,89558,252,Economy
293,23461,211,Economy
294,97315,423,First
295,22942,329,Economy
296,46222,77,Economy
297,70846,480,Business
298,81354,351,Economy
299,53827,63,Economy
300,11235,101,Economy
301,7283,274,Economy
302,23709,495,Economy
303,88952,432,Economy
304,78133,232,Economy
305,89247,398,Economy
306,68501,1,Economy
307,25271,57,Economy
308,66912,213,Economy
309,2398,127,Economy
310,97324,167,Economy
311,48408,264,Economy
312,57494,9,Economy
313,49440,385,Economy
314,50433,409,Economy
315,98491,205,Economy
316,18310,56,Economy
317,49891,457,Economy
318,39752,124,Economy
319,43210,253,Economy
320,76666,477,Economy
321,75978,118,Economy
322,65074,368,Economy
323,29897,399,Economy
324,48642,333,First
325,67708,433,Economy
326,34061,295,Business
327,98207,169,Economy
328,58158,279,Economy
329,73845,56,Economy
330,70195,96,Economy
331,41134,213,Economy
332,92243,339,Economy
333,55886,200,Economy
334,87306,66,Economy
335,66367,342,Business
336,14916,178,Economy
337,43008,200,Economy
338,18500,168,Economy
339,38238,13,Economy
340,77012,344,Economy
341,94225,409,Economy
342,33776,481,Economy
343,88066,486,Business
344,28757,128,Economy
345,3858,269,Economy
346,45966,70,Economy
347,80172,352,First
348,79094,402,Economy
349,79875,417,Economy
350,27080,149,Economy
351,20353,233,Economy
352,53310,327,First
353,78203,494,Economy
354,92993,148,Business
355,91594,263,First
356,19140,64,Economy
357,27954,338,Economy
358,20729,384,Business
359,22054,374,Economy
360,89653,434,Economy
361,94938,377,Economy
362,10304,331,Business
363,38467,456,Economy
364,30802,1,Economy
365,41588,37,Economy
366,85962,76,Business
367,80220,83,Business
368,86804,175,Economy
369,75977,222,Economy
370,98361,231,Economy
371,61050,282,Economy
372,92426,164,Economy
373,84179,105,Economy
374,23830,131,Economy
375,34495,33,Economy
376,66594,84,Economy
377,78359,193,Economy
378,38425,473,Economy
379,95145,192,Economy
380,89120,237,Economy
381,80772,162,Business
382,33575,153,Economy
383,32576,88,Economy
384,82131,317,Economy
385,76635,56,Economy
386,72338,93,Economy
387,47453,78,Economy
388,29302,349,Economy
389,91888,107,Business
390,79358,105,Economy
391,70592,361,Economy
392,85311,80,Economy
393,58296,454,Economy
394,4056,225,Business
395,88466,322,Economy
396,9936,165,Economy
397,74399,16,Business
398,75916,118,Economy
399,92142,387,Economy
400,7352,468,Economy
401,67761,189,Economy
402,37487,467,Economy
403,54825,269,Economy
404,28804,458,Economy
405,23719,482,Economy
406,91073,355,Economy
407,53293,64,Economy
408,93587,55,Economy
409,97110,198,Economy
410,57195,416,First
411,67372,484,Economy
412,50828,437,Economy
413,48219,155,Business
414,54889,178,Economy
415,2532,135,First
416,12459,239,Economy
417,56872,491,Economy
418,90207,454,Economy
419,90037,125,First
420,38930,470,Economy
421,42322,354,Business
422,20436,111,Economy
423,12777,481,Economy
424,96608,435,Economy
425,31129,67,Economy
426,17447,131,Economy
427,91827,164,Economy
428,42293,151,Economy
429,24452,55,Economy
430,22237,132,Economy
431,10034,492,Economy
432,49174,7,Economy
433,80655,127,Economy
434,65688,15,Economy
435,80873,122,Economy
436,77842,197,Economy
437,73533,467,Economy
438,61412,24,Economy
439,84896,172,Business
440,16890,345,Economy
441,56304,467,Economy
442,40917,472,Economy
443,19256,159,Economy
444,4386,354,Business
445,31303,199,Economy
446,84867,230,Economy
447,74656,59,Economy
448,34831,325,Economy
449,19601,394,Business
450,63392,402,Economy
451,11920,135,Economy
452,8830,28,Economy
453,64424,27,Economy
454,93911,431,Business
455,65786,211,Business
456,16980,78,Economy
457,40149,338,Business
458,24045,57,Economy
459,22203,215,Economy
460,92197,41,Economy
461,48477,131,First
462,66987,164,Economy
463,45149,2,Economy
464,19132,261,Economy
465,15735,374,Business
466,48718,305,Business
467,65513,287,Business
468,59625,426,Economy
469,75206,64,Economy
470,50883,194,Economy
471,74460,283,Economy
472,94298,84,Business
473,49984,448,Economy
474,79992,228,Economy
475,48264,105,Economy
476,93294,125,Economy
477,40171,23,First
478,38085,470,Economy
479,61532,334,Economy
480,32687,130,Economy
481,14599,82,Economy
482,95064,376,Economy
483,20169,443,First
484,55977,479,Economy
485,74665,53,Economy
486,81907,169,First
487,10987,232,Economy
488,31001,234,Economy
489,12821,426,Economy
490,27812,78,Economy
491,60561,120,Economy
492,20079,210,Economy
493,87324,351,Economy
494,79379,336,Business
495,23816,15,Economy
496,16997,469,Economy
497,6129,317,Economy
498,7720,152,Economy
499,34597,180,Economy
500,81523,291,Economy
501,46201,51,Economy
502,22870,472,Economy
503,44244,68,Economy
504,28571,219,Economy
505,55814,264,Economy
506,31820,316,Economy
507,2975,403,First
508,64032,195,Economy
509,60011,289,Economy
510,1431,411,Economy
511,55442,392,Economy
512,70433,221,First
513,62990,499,Economy
514,81784,126,Economy
515,72322,175,First
516,28352,144,Economy
517,6894,212,Economy
518,83126,425,Economy
519,69101,357,Economy
520,20987,286,Economy
521,85813,375,Economy
522,32076,353,Economy
523,22164,3,Economy
524,20568,344,Economy
525,75747,357,Economy
526,68134,390,Economy
527,48516,173,Business
528,2656,108,Economy
529,11037,140,Economy
530,3819,407,Economy
531,60410,375,Economy
532,47447,92,Economy
533,42197,327,Economy
534,65411,312,Economy
535,56712,34,Economy
536,46420,469,Business
537,4563,349,Business
538,53443,243,Economy
539,73864,4,Economy
540,39262,485,Economy
541,39061,124,Economy
542,36487,485,Economy
543,80052,137,Economy
544,46974,21,Economy
545,24146,42,Economy
546,69326,127,Business
547,17083,478,Economy
548,12104,91,Economy
549,98138,398,Economy
550,75504,220,Economy
551,8121,169,Economy
552,95957,315,Economy
553,40732,322,Economy
554,802,395,Economy
555,80716,142,Economy
556,94608,49,Economy
557,73728,269,Business
558,25131,410,Business
559,29948,310,Economy
560,81880,300,Economy
561,64914,247,Economy
562,40576,103,First
563,12629,118,First
564,65394,241,First
565,78112,58,First
566,76977,105,Economy
567,10750,396,Economy
568,40550,309,Economy
569,3155,12,Economy
570,6156,389,Economy
571,87483,262,Economy
572,67254,470,Economy
573,96868,432,Economy
574,34227,305,Economy
575,74611,474,Economy
576,21924,274,Economy
577,11245,233,Economy
578,68037,217,Economy
579,75427,138,Economy
580,13102,147,Economy
581,24797,355,Economy
582,54007,365,Economy
583,18500,99,Economy
584,58968,200,Economy
585,93113,157,Economy
586,62761,220,Economy
587,71338,60,Economy
588,78743,318,Economy
589,35055,497,Economy
590,33797,363,Economy
591,89276,121,Economy
592,36307,36,Business
593,74667,448,Business
594,61508,285,Economy
595,23497,265,Economy
596,7545,29,Economy
597,20458,460,Economy
598,91059,156,Business
599,61428,348,Economy
600,54391,197,Economy
601,39058,94,Economy
602,68008,132,Economy
603,82829,79,Economy
604,51674,73,Economy
605,12242,139,Economy
606,93885,283,Economy
607,91476,129,Economy
608,26367,154,Economy
609,36735,41,Economy
610,46617,103,Economy
611,64566,113,Economy
612,25244,22,Economy
613,86844,125,Economy
614,26704,246,Business
615,9045,83,Economy
616,96775,72,Economy
617,19848,155,Economy
618,2298,330,Economy
619,12022,265,Economy
620,13940,428,Business
621,30120,29,Economy
622,88197,125,Economy
623,97695,392,Economy
624,469,451,Economy
625,38951,142,Economy
626,86338,123,Economy
627,21822,438,Economy
628,55824,359,Economy
629,96642,312,Business
630,84389,151,Economy
631,60728,304,Economy
632,24282,408,First
633,14765,430,Economy
634,11394,138,First
635,58964,412,Economy
636,27730,216,Economy
637,35798,257,Economy
638,35107,69,First
639,86890,39,Business
640,15242,257,Economy
641,50263,288,Economy
642,45597,471,First
643,80316,365,First
644,96786,437,Economy
645,90263,453,Economy
646,34989,8,Economy
647,56340,389,Economy
648,28028,436,Economy
649,18849,35,Economy
650,66862,234,Economy
651,28944,6,Economy
652,52458,241,Business
653,41767,119,Economy
654,63608,177,First
655,66858,496,Economy
656,6147,392,Economy
657,45978,39,Economy
658,4942,405,Economy
659,19419,268,Economy
660,80576,349,Economy
661,87685,363,Economy
662,25968,226,Economy
663,14166,217,Economy
664,75221,387,Economy
665,63301,477,Economy
666,70663,173,Economy
667,65657,487,Economy
668,71399,224,Economy
669,6050,316,Business
670,5001,114,Economy
671,48818,381,Economy
672,49704,230,Economy
673,69100,217,First
674,96483,370,Economy
675,46738,264,Economy
676,6660,192,Business
677,19542,235,Business
678,54630,312,Economy
679,27972,9,Economy
680,62586,458,Economy
681,10624,359,Business
682,46976,27,First
683,66805,315,Economy
684,51567,293,Economy
685,39681,268,Economy
686,96598,401,Economy
687,40850,180,Economy
688,15892,148,First
689,95645,303,Economy
690,55499,10,Economy
691,20723,336,Economy
692,19366,61,Economy
693,27259,301,Economy
694,32705,46,First
695,46966,112,Business
696,26113,171,Economy
697,76151,9,Economy
698,4726,147,First
699,95572,457,Economy
700,17369,252,Economy
701,50711,128,Economy
702,30133,203,Economy
703,67132,390,Economy
704,62310,34,Business
705,68869,36,Economy
706,30049,496,Economy
707,67566,347,Business
708,34813,381,Economy
709,859,407,First
710,96570,133,Economy
711,140,375,Economy
712,2396,400,Economy
713,73779,209,Economy
714,58998,257,First
715,91929,95,Economy
716,78897,464,First
717,36123,259,Economy
718,81711,80,Economy
719,45207,315,Economy
720,70369,455,Economy
721,72279,120,Economy
722,98550,382,Economy
723,32564,97,Economy
724,52378,441,Economy
725,54423,80,Business
726,94721,406,First
727,4557,324,Economy
728,63419,91,Economy
729,80940,330,Economy
730,1394,125,Economy
731,75660,145,Economy
732,26391,455,Economy
733,84077,35,Economy
734,29290,407,Economy
735,45127,342,Economy
736,88043,384,Economy
737,66247,199,First
738,11702,270,First
739,82915,243,Economy
740,38635,407,First
741,49081,491,Economy
742,6609,227,Economy
743,1997,234,Business
744,42584,206,Economy
745,23466,340,Economy
746,29687,427,Economy
747,38327,417,Economy
748,79566,338,Economy
749,15278,237,Economy
750,61392,207,Economy
751,73718,15,Economy
752,28072,84,Economy
753,51616,285,Business
754,71377,150,Economy
755,29501,120,Economy
756,26651,89,Economy
757,40402,410,Economy
758,13851,299,Economy
759,96147,276,Economy
760,41839,177,Economy
761,75473,388,Economy
762,57456,447,Economy
763,38268,471,Economy
764,87133,194,Economy
765,42155,303,Economy
766,96689,342,Economy
767,79012,423,Economy
768,80110,318,Economy
769,94599,66,Economy
770,15633,103,Economy
771,78954,500,Economy
772,18804,396,Economy
773,58367,217,Economy
774,75715,76,First
775,28823,288,Business
776,12321,473,Economy
777,85905,350,Economy
778,93415,212,Business
779,35173,179,Economy
780,47875,402,Business
781,87120,142,Economy
782,31874,176,Economy
783,80219,239,Economy
784,18454,159,Economy
785,83139,413,Economy
786,65129,277,Economy
787,56143,322,Economy
788,16965,492,Economy
789,27226,35,Economy
790,219,219,Economy
791,17757,441,Economy
792,71230,129,Economy
793,29697,404,Economy
794,75898,317,Economy
795,6218,217,Economy
796,31261,424,Economy
797,55788,77,Economy
798,35298,304,Business
799,85725,365,First
800,20682,73,Economy
801,63016,186,Economy
802,33721,133,Economy
803,38366,364,Economy
804,71488,499,Economy
805,9507,328,Economy
806,92313,342,Economy
807,35848,86,Economy
808,43099,143,Business
809,93269,472,Business
810,14057,433,Economy
811,656,371,Economy
812,40616,29,Business
813,50729,224,Economy
814,57459,8,First
815,62461,281,Economy
816,60597,218,Economy
817,11414,20,Economy
818,95052,286,Economy
819,49491,341,Economy
820,8969,239,Economy
821,20690,157,Economy
822,47905,64,Economy
823,17233,412,Business
824,83471,184,Economy
825,14089,292,Economy
826,45703,440,Economy
827,34704,310,Economy
828,36918,379,Economy
829,86629,9,Economy
830,3211,498,First
831,9110,199,Economy
832,60080,386,Economy
833,92806,236,Economy
834,69259,194,Business
835,64350,223,Economy
836,37633,162,Economy
837,38018,43,Business
838,94844,406,Economy
839,44168,332,First
840,67637,426,Economy
841,17816,155,Business
842,80757,214,Economy
843,95833,480,Economy
844,17689,18,Economy
845,82250,372,Economy
846,66889,158,Economy
847,34897,124,Economy
848,16729,369,Economy
849,54235,73,Economy
850,89989,476,Economy
851,50696,5,Economy
852,56086,438,Business
853,93339,47,Economy
854,72813,480,Economy
855,54062,223,Economy
856,49157,407,Economy
857,36016,422,Economy
858,69343,300,Economy
859,4982,190,Economy
860,94471,214,Business
861,82112,331,Economy
862,86012,415,Economy
863,79774,373,Business
864,16662,244,Economy
865,85490,294,Economy
866,44650,257,Economy
867,62442,145,Economy
868,15740,329,Economy
869,92365,198,Economy
870,74381,45,Economy
871,10580,319,Economy
872,59655,422,Economy
873,4660,62,Economy
874,42410,83,Economy
875,35415,492,Economy
876,64732,276,Economy
877,72821,352,Economy
878,16951,80,Economy
879,56349,483,First
880,37915,417,Economy
881,82884,33,Business
882,86686,28,Economy
883,66223,36,Economy
884,38087,475,First
885,28291,265,Economy
886,7874,154,Economy
887,72668,376,First
888,23105,330,Economy
889,22108,478,Business
890,83701,500,Economy
891,92044,237,Economy
892,68628,54,Business
893,37335,240,Economy
894,82816,324,Economy
895,97348,373,Economy
896,85616,490,Economy
897,15099,116,Economy
898,7555,141,Business
899,80644,432,Economy
900,4829,398,Economy
901,25109,92,Economy
902,3326,446,Economy
903,45261,187,Economy
904,88093,280,First
905,84802,5,Economy
906,89088,157,Business
907,17562,155,Economy
908,58018,460,Economy
909,24382,332,Economy
910,74210,497,Economy
911,30271,196,Economy
912,21831,242,First
913,50746,353,Economy
914,48964,333,Economy
915,47580,152,Economy
916,37785,202,Economy
917,33641,427,Economy
918,66406,96,Economy
919,2323,379,Economy
920,61919,325,Economy
921,70208,213,First
922,1312,221,Economy
923,80560,46,Economy
924,6947,449,First
925,68750,125,Economy
926,49588,198,Economy
927,24152,418,Business
928,77904,376,Economy
929,90965,358,Business
930,11952,375,Business
931,33469,240,First
932,27224,139,Economy
933,3577,452,Economy
934,86876,60,Economy
935,45010,240,First
936,7318,366,Economy
937,65934,299,Economy
938,71543,336,Economy
939,30903,42,Economy
940,22357,178,Economy
941,42935,20,Economy
942,37553,203,Economy
943,14134,213,Economy
944,45414,290,Economy
945,26381,417,Economy
946,21262,265,Economy
947,37963,242,Economy
948,76012,181,Economy
949,89793,221,Economy
950,80202,474,First
951,66950,452,First
952,59995,124,First
953,79691,457,Economy
954,12574,268,Economy
955,98424,461,Economy
956,36757,102,Economy
957,66883,284,Economy
958,45958,220,First
959,1172,232,Economy
960,22167,377,Economy
961,72385,467,First
962,23182,456,Economy
963,23598,429,Economy
964,59021,492,Economy
965,18199,444,First
966,43301,276,First
967,91267,230,Economy
968,98606,453,First
969,55296,468,Economy
970,9423,435,Economy
971,59207,29,Economy
972,46203,223,Economy
973,4097,252,Economy
974,83948,405,Economy
975,46906,173,First
976,28141,384,Economy
977,1949,326,Economy
978,49844,96,Business
979,3743,52,Economy
980,69419,334,Economy
981,17629,184,Economy
982,29009,119,Economy
983,32589,465,First
984,64494,250,Economy
985,24516,407,Economy
986,54889,338,Economy
987,70574,137,Economy
988,21939,352,Economy
989,88383,435,Economy
990,16821,268,Economy
991,9834,407,Economy
992,46402,178,Economy
993,76223,333,Economy
994,92705,174,Economy
995,48517,317,Economy
996,5526,87,Economy
997,82289,462,Economy
998,27593,274,Economy
999,89988,316,Economy
1000,1688,213,Economy
1001,25938,167,Economy
1002,77694,404,Economy
1003,9503,415,Economy
1004,9431,395,Economy
1005,93991,120,Economy
1006,13610,371,Economy
1007,16132,246,Economy
1008,33090,330,Economy
1009,70880,435,Economy
1010,33913,269,Economy
1011,91550,216,Economy
1012,1323,276,Business
1013,2961,313,Economy
1014,73260,101,Economy
1015,1458,491,Economy
1016,1382,400,Economy
1017,75783,19,Economy
1018,5866,34,Economy
1019,87918,247,First
1020,16420,18,First
1021,43597,133,Economy
1022,25667,71,Economy
1023,31626,379,Economy
1024,93328,255,Economy
1025,71708,28,Economy
1026,60721,439,Economy
1027,9305,73,Business
1028,76205,322,First
1029,73121,259,Economy
1030,43043,484,Economy
1031,2444,498,Economy
1032,34825,243,Business
1033,84184,44,Economy
1034,1743,315,Economy
1035,33027,97,Economy
1036,14585,214,Economy
1037,23332,337,Economy
1038,31944,309,Economy
1039,28642,314,Economy
1040,44370,40,Business
1041,29785,92,Economy
1042,96730,345,Economy
1043,27773,234,Economy
1044,25995,490,Economy
1045,4345,190,Economy
1046,33072,147,Economy
1047,86898,362,Economy
1048,70685,109,Economy
1049,50958,34,Economy
1050,93318,98,Economy
1051,50330,296,Economy
1052,42406,180,Economy
1053,84642,7,First
1054,21720,187,Economy
1055,46158,105,Economy
1056,16866,31,Business
1057,98384,34,Economy
1058,98551,494,Economy
1059,46548,447,Economy
1060,2893,165,Economy
1061,85143,53,First
1062,43895,237,Economy
1063,31279,181,First
1064,26979,347,Economy
1065,65078,377,Economy
1066,4668,27,Economy
1067,78924,402,Economy
1068,21762,271,Economy
1069,84215,327,Economy
1070,51266,376,Economy
1071,13440,224,First
1072,85997,408,Economy
1073,85140,26,Economy
1074,64804,39,Economy
1075,69171,385,Economy
1076,39161,354,Economy
1077,18459,433,Economy
1078,56858,415,Economy
1079,71646,467,Business
1080,21710,366,Economy
1081,52148,6,Economy
1082,141,479,Economy
1083,68112,301,Economy
1084,90791,65,Economy
1085,69986,240,Economy
1086,18821,109,Economy
1087,60021,42,Business
1088,81826,19,Economy
1089,90121,391,First
1090,80982,329,Economy
1091,38289,303,First
1092,63487,443,Economy
1093,5560,264,Economy
1094,45907,206,Economy
1095,9564,16,Business
1096,24755,312,Economy
1097,54213,316,Economy
1098,98566,179,Business
1099,80016,339,Economy
1100,98057,408,Economy
1101,63045,265,Economy
1102,34423,494,First
1103,21619,187,Economy
1104,55054,126,First
1105,14322,227,Economy
1106,19807,78,Economy
1107,1980,403,Business
1108,71236,259,Economy
1109,14164,108,Economy
1110,11918,289,Economy
1111,9359,148,Economy
1112,52514,73,Economy
1113,45459,429,Economy
1114,62926,271,Business
1115,21783,22,Economy
1116,33772,327,Economy
1117,59215,64,Economy
1118,7927,407,First
1119,31402,110,Economy
1120,61626,349,Economy
1121,8824,473,Business
1122,80809,137,Economy
1123,33475,74,Business
1124,55987,117,Economy
1125,16441,182,Economy
1126,55270,172,Economy
1127,68622,150,Economy
1128,87489,387,Economy
1129,19887,177,Economy
1130,13104,422,Business
1131,37240,177,Economy
1132,26831,483,Economy
1133,41541,272,Economy
1134,91885,268,Economy
1135,32299,292,Economy
1136,82785,405,Economy
1137,41929,209,Economy
1138,62613,218,Economy
1139,41291,160,Economy
1140,54748,391,Economy
1141,58522,467,Economy
1142,58752,294,Economy
1143,94586,181,Economy
1144,13656,223,Economy
1145,73182,484,Economy
1146,17842,276,Economy
1147,65231,376,Economy
1148,65840,181,Economy
1149,75299,76,Economy
1150,92904,284,Economy
1151,2919,257,Economy
1152,97593,470,Economy
1153,79410,469,Economy
1154,36868,222,Economy
1155,85212,483,Economy
1156,32709,323,Economy
1157,12599,284,Business
1158,75167,72,Economy
1159,28184,324,Economy
1160,78157,315,First
1161,92596,373,Economy
1162,65679,224,Economy
1163,89272,72,Economy
1164,32195,106,Economy
1165,83736,203,Economy
1166,44000,449,First
1167,91380,1,Business
1168,88061,324,Economy
1169,18312,228,Economy
1170,95362,105,Economy
1171,66383,495,Economy
1172,72439,193,Economy
1173,44583,337,Economy
1174,70002,338,Economy
1175,18741,444,Economy
1176,6271,416,Economy
1177,69598,252,Economy
1178,42278,261,Economy
1179,80888,340,Economy
1180,86932,27,Economy
1181,48779,172,Economy
1182,23544,167,Economy
1183,45283,142,Economy
1184,36748,12,Economy
1185,62788,282,First
1186,601,262,Economy
1187,15586,299,Economy
1188,36653,476,Economy
1189,59251,128,Economy
1190,75475,24,Economy
1191,41996,466,First
1192,66434,68,Economy
1193,8439,384,Economy
1194,90099,457,Economy
1195,69079,446,Economy
1196,88395,430,Economy
1197,13051,407,Economy
1198,35811,34,Business
1199,16484,160,Economy
1200,73290,489,Economy
1201,9900,375,Economy
1202,7206,147,Economy
1203,20693,497,Economy
1204,36427,158,Economy
1205,6072,284,First
1206,4315,473,Business
1207,24133,335,Business
1208,51295,80,Economy
1209,36491,358,Economy
1210,78381,382,Economy
1211,68875,97,Business
1212,80732,362,Economy
1213,83418,211,Economy
1214,44030,14,Economy
1215,86821,236,Economy
1216,39677,228,Economy
1217,67452,324,Business
1218,75962,491,Economy
1219,30594,366,Economy
1220,66304,113,Business
1221,38531,330,Economy
1222,68981,323,Economy
1223,81682,25,Economy
1224,48926,93,First
1225,90962,37,Economy
1226,5651,290,Economy
1227,19880,132,Economy
1228,60112,463,Economy
1229,45312,291,Business
1230,36680,429,Economy
1231,94095,399,Economy
1232,22270,269,Economy
1233,46416,309,Economy
1234,44773,455,Economy
1235,82513,63,Economy
1236,74142,240,First
1237,48601,281,Economy
1238,15874,43,Economy
1239,74671,107,Economy
1240,6827,120,Economy
1241,9734,428,Economy
1242,68000,62,Economy
1243,50439,197,Economy
1244,48195,212,Economy
1245,69750,293,Business
1246,28430,161,Economy
1247,30641,270,Economy
1248,9558,156,Economy
1249,68363,86,Business
1250,58999,154,Economy
1251,37216,144,Economy
1252,31825,490,First
1253,19343,216,Economy
1254,7907,460,Economy
1255,36830,478,Economy
1256,34073,78,Economy
1257,34045,229,Economy
1258,20808,324,Economy
1259,66710,311,Economy
1260,19210,160,Economy
1261,38174,272,Economy
1262,63207,92,Business
1263,56481,171,Economy
1264,98600,387,Economy
1265,82436,156,Economy
1266,997,113,Economy
1267,29967,101,Economy
1268,13625,183,Economy
1269,64737,32,Economy
1270,33908,298,Economy
1271,39756,52,Economy
1272,77802,312,Business
1273,87897,341,Economy
1274,64780,189,Business
1275,46177,142,Economy
1276,63565,280,Business
1277,96204,102,Economy
1278,42647,318,Business
1279,39213,360,Economy
1280,29713,206,Economy
1281,49323,18,First
1282,57323,251,Economy
1283,94080,364,Economy
1284,7039,475,Economy
1285,96559,91,Economy
1286,83280,247,Economy
1287,31469,233,Economy
1288,29866,306,First
1289,69280,84,Economy
1290,7298,203,Economy
1291,9952,459,First
1292,72815,104,Economy
1293,75172,442,Economy
1294,44691,343,Economy
1295,11947,104,Economy
1296,97212,443,Economy
1297,75646,355,Economy
1298,28699,32,Business
1299,58146,112,Economy
1300,2354,154,Economy
1301,85009,490,Economy
1302,92082,62,Economy
1303,20916,482,Economy
1304,94085,424,Economy
1305,53077,128,Business
1306,77043,358,Economy
1307,43521,211,Economy
1308,26099,185,Economy
1309,48234,106,Economy
1310,53402,14,First
1311,31523,440,Economy
1312,98538,276,Economy
1313,95418,488,Business
1314,60388,107,Economy
1315,51130,456,Economy
1316,60877,405,Economy
1317,33442,266,Economy
1318,84927,179,Economy
1319,8863,404,Economy
1320,2053,208,Business
1321,86506,150,Economy
1322,38015,63,Business
1323,34536,397,Economy
1324,845,217,Economy
1325,54871,299,Economy
1326,23185,97,Business
1327,48624,142,Economy
1328,61128,303,First
1329,19280,293,Business
1330,85950,55,Economy
1331,2035,275,Economy
1332,2064,378,Economy
1333,24077,469,Economy
1334,6247,221,Economy
1335,83144,457,Economy
1336,47080,331,Economy
1337,71898,452,Economy
1338,93222,432,Business
1339,3775,479,Economy
1340,92951,144,Economy
1341,7794,267,Economy
1342,61637,126,Economy
1343,48458,227,Economy
1344,47326,447,Economy
1345,53808,199,Business
1346,52223,355,First
1347,98156,282,Business
1348,14253,141,Economy
1349,67871,163,Economy
1350,37399,344,Economy
1351,27672,250,Economy
1352,51989,457,Economy
1353,42969,67,Economy
1354,88335,314,Economy
1355,7874,66,Economy
1356,3401,179,Economy
1357,90407,31,Economy
1358,54584,333,Economy
1359,92293,352,Economy
1360,56490,257,Economy
1361,11718,180,Economy
1362,94681,101,Economy
1363,80460,344,Economy
1364,1916,110,Economy
1365,69896,7,Economy
1366,58753,372,Economy
1367,55954,108,Economy
1368,12619,496,Economy
1369,69359,301,Economy
1370,72813,313,Economy
1371,17402,409,Economy
1372,84470,481,Economy
1373,41229,237,Economy
1374,38577,299,Economy
1375,77936,229,Economy
1376,35296,11,Economy
1377,67906,20,Economy
1378,97417,420,Economy
1379,78396,377,Economy
1380,5636,187,Economy
1381,69438,455,Economy
1382,21043,499,Economy
1383,19303,498,Economy
1384,12895,196,Economy
1385,60496,271,Economy
1386,60754,257,Economy
1387,53465,424,Economy
1388,23712,221,Economy
1389,21941,297,Business
1390,59493,83,Economy
1391,15988,266,Economy
1392,42510,398,Economy
1393,55055,103,Business
1394,52526,480,Economy
1395,82557,134,Economy
1396,29214,111,Economy
1397,1049,376,Economy
1398,85942,216,Economy
1399,46892,426,Economy
1400,34197,494,Economy
1401,39843,240,Economy
1402,40647,323,Economy
1403,42744,472,Economy
1404,59250,159,Economy
1405,57798,178,Economy
1406,48253,125,Business
1407,71684,166,Business
1408,15388,494,Economy
1409,44223,457,Economy
1410,87156,145,Economy
1411,17201,447,Economy
1412,17754,371,Economy
1413,15398,461,Economy
1414,22470,37,Economy
1415,54304,289,Economy
1416,12354,182,Economy
1417,89724,84,First
1418,59452,152,Economy
1419,56989,404,Economy
1420,3999,404,Business
1421,26708,235,Economy
1422,71899,339,Economy
1423,81348,496,Economy
1424,48800,320,Economy
1425,96396,81,Economy
1426,70360,424,Economy
1427,45876,174,Economy
1428,74693,491,Business
1429,63632,64,Economy
1430,46920,374,Economy
1431,65139,259,Economy
1432,621,298,Economy
1433,71031,346,Economy
1434,20797,79,Economy
1435,21791,68,Economy
1436,52452,290,Economy
1437,95178,429,Economy
1438,53312,427,Business
1439,44142,141,Economy
1440,49101,233,Economy
1441,55529,495,Economy
1442,84336,161,Economy
1443,75933,156,Economy
1444,90105,349,Economy
1445,204,297,Economy
1446,58566,466,Economy
1447,41856,467,Economy
1448,64521,40,Business
1449,87028,214,Business
1450,97854,411,Economy
1451,68358,30,Business
1452,95457,99,Economy
1453,12393,103,Economy
1454,65097,405,Economy
1455,8702,41,First
1456,74006,160,Economy
1457,27671,130,Economy
1458,3250,215,Economy
1459,53990,455,Economy
1460,14650,145,Economy
1461,95801,41,Economy
1462,97684,54,Economy
1463,12966,430,Economy
1464,12472,408,Economy
1465,83140,58,Economy
1466,27004,110,Economy
1467,10962,10,Economy
1468,11705,454,Economy
1469,29280,35,Economy
1470,26212,32,Economy
1471,6900,361,Economy
1472,62363,498,Economy
1473,67982,383,Economy
1474,35971,119,Economy
1475,95355,3,Economy
1476,72427,460,Business
1477,65834,196,Economy
1478,949,167,Business
1479,92403,358,Economy
1480,66810,197,Economy
1481,52180,371,Economy
1482,50150,12,Economy
1483,87570,201,Economy
1484,83629,55,Economy
1485,62178,250,Economy
1486,76787,166,Economy
1487,94257,78,Business
1488,46184,117,Economy
1489,60798,45,Economy
1490,30652,20,Economy
1491,85801,96,Economy
1492,64809,381,Economy
1493,17277,76,Economy
1494,16805,378,Economy
1495,12278,195,Economy
1496,19246,112,Economy
1497,45732,242,Economy
1498,8340,326,Economy
1499,89590,447,Business
1500,15546,212,Economy
1501,47131,98,Economy
1502,69193,430,Economy
1503,67952,228,First
1504,96954,197,Economy
1505,19025,420,Economy
1506,79213,461,Economy
1507,66713,77,Business
1508,90492,15,Economy
1509,70304,241,Business
1510,60762,56,Economy
1511,54903,173,Economy
1512,34569,231,Economy
1513,42405,57,Economy
1514,97249,408,Economy
1515,88653,158,Economy
1516,73606,459,Economy
1517,79285,202,Economy
1518,76275,144,Economy
1519,71479,471,Economy
1520,90344,116,Economy
1521,28339,219,Economy
1522,39044,170,Economy
1523,64322,94,Economy
1524,70257,499,Economy
1525,13099,165,Economy
1526,63855,372,Economy
1527,77721,331,Business
1528,17923,404,Economy
1529,36490,372,Economy
1530,52713,214,Economy
1531,19759,98,Economy
1532,19075,137,Economy
1533,50192,81,Economy
1534,13205,373,Economy
1535,8338,432,Economy
1536,69239,109,Economy
1537,24930,152,Economy
1538,12187,297,Economy
1539,75554,51,Economy
1540,97431,69,Economy
1541,34262,264,Economy
1542,76865,453,Economy
1543,9568,372,Business
1544,29911,449,Economy
1545,11133,69,Economy
1546,67859,465,Economy
1547,45918,27,Economy
1548,31934,186,Economy
1549,95985,5,Economy
1550,61304,7,Business
1551,31837,289,Economy
1552,59441,44,Economy
1553,96675,228,Economy
1554,49773,71,Economy
1555,93343,422,Economy
1556,58449,372,Business
1557,2589,26,Economy
1558,36849,231,Economy
1559,9201,216,Economy
1560,36193,131,Economy
1561,82441,451,Economy
1562,2573,89,Economy
1563,84245,153,Economy
1564,3894,162,Economy
1565,39186,353,Economy
1566,60535,151,Economy
1567,44068,290,Economy
1568,30940,218,Economy
1569,49851,460,Economy
1570,73262,30,Economy
1571,68259,38,Economy
1572,97307,477,Economy
1573,11326,15,Business
1574,53378,51,Economy
1575,81447,368,Economy
1576,90560,493,Economy
1577,71018,283,Economy
1578,10579,401,Economy
1579,61482,87,Economy
1580,86525,404,Economy
1581,64134,380,Economy
1582,77728,90,Economy
1583,34060,283,Economy
1584,90371,354,First
1585,78442,438,Economy
1586,13481,281,Economy
1587,86726,453,Economy
1588,72090,107,Economy
1589,23079,76,Business
1590,36823,317,Economy
1591,59280,49,First
1592,26882,122,Economy
1593,18806,443,Economy
1594,39838,48,Economy
1595,19444,293,Economy
1596,15800,216,First
1597,17984,68,Economy
1598,94229,59,Economy
1599,21863,368,Economy
1600,88041,44,Economy
1601,61685,97,Economy
1602,37386,495,Economy
1603,5903,232,Economy
1604,89433,287,Economy
1605,96374,102,Economy
1606,79154,378,Economy
1607,39131,491,Economy
1608,1245,110,Economy
1609,2486,257,Economy
1610,15315,108,Economy
1611,90040,475,Economy
1612,33567,246,Economy
1613,75528,144,First
1614,72428,2,Economy
1615,86366,77,Economy
1616,70350,300,Economy
1617,3457,341,First
1618,96285,404,Economy
1619,20284,460,Economy
1620,15451,341,Economy
1621,83831,312,Economy
1622,60604,191,Economy
1623,26229,31,Economy
1624,46595,283,Economy
1625,93784,175,Economy
1626,62550,181,Economy
1627,70515,220,Economy
1628,52943,471,Economy
1629,31006,96,Economy
1630,64841,86,Business
1631,14759,381,Economy
1632,29968,477,Economy
1633,22353,244,Economy
1634,68821,183,Economy
1635,7758,181,First
1636,95450,384,First
1637,55157,474,Economy
1638,82233,463,Economy
1639,5201,3,Economy
1640,5683,350,Economy
1641,47663,294,Economy
1642,92421,207,Economy
1643,20463,419,Economy
1644,49066,51,Economy
1645,40134,211,Economy
1646,39367,211,First
1647,77947,431,Business
1648,32284,36,Business
1649,33933,44,Economy
1650,54624,284,Economy
1651,39229,43,Economy
1652,81189,133,Economy
1653,30965,468,Economy
1654,53386,92,Economy
1655,38416,286,Economy
1656,27995,252,Economy
1657,33158,140,Economy
1658,12986,149,Economy
1659,70928,60,Economy
1660,71734,32,Economy
1661,62948,205,Economy
1662,85972,237,Economy
1663,80016,380,Economy
1664,15237,494,Economy
1665,721,136,Economy
1666,67560,123,Business
1667,6676,498,Economy
1668,30771,265,Economy
1669,50167,462,Economy
1670,81061,442,Economy
1671,12926,75,Business
1672,49282,230,Business
1673,31488,103,Economy
1674,73717,238,First
1675,36842,297,First
1676,71346,137,Economy
1677,23031,43,Business
1678,84005,103,Economy
1679,5296,372,Economy
1680,51579,196,Economy
1681,12871,157,Economy
1682,28131,103,Economy
1683,17491,214,Business
1684,68526,424,Economy
1685,46849,359,Economy
1686,45175,189,Economy
1687,35682,418,Economy
1688,64822,499,Economy
1689,44614,150,Economy
1690,74573,330,Economy
1691,91318,268,Economy
1692,21693,499,Economy
1693,42866,484,Business
1694,78141,168,Business
1695,82734,147,Economy
1696,74465,276,Economy
1697,8231,406,Economy
1698,31831,143,Economy
1699,49555,239,Economy
1700,50513,449,Economy
1701,71653,7,First
1702,8348,365,Economy
1703,65782,227,Economy
1704,53315,215,Economy
1705,81435,142,Economy
1706,25663,212,Economy
1707,88575,259,Economy
1708,47190,221,Economy
1709,69543,113,Business
1710,13327,112,Economy
1711,54250,387,Economy
1712,85951,409,First
1713,82403,137,Economy
1714,16366,402,Economy
1715,93049,140,Economy
1716,43265,166,Economy
1717,97297,162,Economy
1718,30213,265,Economy
1719,41489,112,Business
1720,67852,140,Economy
1721,96330,56,Economy
1722,43226,185,Economy
1723,29645,474,Business
1724,6177,88,Economy
1725,64214,387,Economy
1726,20894,424,Business
1727,22347,373,Economy
1728,27473,12,Economy
1729,38991,397,Economy
1730,70996,128,Economy
1731,42066,308,Economy
1732,33408,448,Economy
1733,24177,344,Business
1734,74825,222,Economy
1735,47980,420,Economy
1736,55768,426,Economy
1737,45570,471,First
1738,80094,416,Economy
1739,5202,188,Economy
1740,46563,85,Economy
1741,67694,24,Economy
1742,88347,126,Economy
1743,42884,365,Economy
1744,86438,134,Economy
1745,18497,427,Economy
1746,18352,202,Business
1747,15569,287,First
1748,59385,50,Economy
1749,39774,8,Economy
1750,82546,234,Business
1751,92328,51,Economy
1752,71163,433,Economy
1753,5161,361,Business
1754,23444,207,Economy
1755,64624,264,Economy
1756,68706,296,Economy
1757,70932,442,Business
1758,22294,98,Economy
1759,71652,348,Economy
1760,15552,290,Economy
1761,65002,396,Economy
1762,13134,364,Business
1763,47762,463,Economy
1764,60164,280,Economy
1765,76535,451,Business
1766,53334,391,Economy
1767,10505,171,Economy
1768,92126,193,Economy
1769,6650,315,Economy
1770,15164,141,Economy
1771,52776,392,Economy
1772,8690,205,Economy
1773,34474,264,Economy
1774,24260,111,First
1775,97347,272,Economy
1776,78532,293,First
1777,80660,60,Economy
1778,73710,438,Economy
1779,68372,142,First
1780,56060,260,Economy
1781,47542,229,Economy
1782,90371,4,Business
1783,89006,44,Economy
1784,56548,341,Economy
1785,35374,314,Economy
1786,10324,207,Economy
1787,47931,338,Economy
1788,45832,340,Economy
1789,2174,239,Economy
1790,29330,432,Economy
1791,50448,55,Economy
1792,58922,336,First
1793,59971,377,Economy
1794,41652,53,Economy
1795,11387,20,Economy
1796,94014,130,First
1797,75122,295,Business
1798,40485,439,Economy
1799,82088,108,Economy
1800,80340,104,Economy
1801,69786,281,First
1802,4755,7,Economy
1803,86721,52,Economy
1804,64262,378,Business
1805,97408,39,Economy
1806,87511,335,Economy
1807,44831,425,Economy
1808,69032,185,Economy
1809,34585,471,Business
1810,48993,358,Economy
1811,84997,159,Economy
1812,5181,103,Business
1813,17940,419,Economy
1814,25752,273,Economy
1815,75118,281,Economy
1816,33146,60,Economy
1817,69116,179,Economy
1818,36965,117,Economy
1819,97847,429,Economy
1820,9360,120,Economy
1821,88953,185,Economy
1822,80926,311,Economy
1823,18280,297,Economy
1824,88093,309,Economy
1825,38380,465,Business
1826,38597,151,First
1827,46215,341,Economy
1828,52295,327,Economy
1829,60826,390,Economy
1830,29202,100,Business
1831,87177,266,Economy
1832,33296,215,Economy
1833,52404,102,Economy
1834,67693,324,Economy
1835,14765,216,Economy
1836,8983,177,Economy
1837,19242,495,Economy
1838,74813,473,Economy
1839,76147,11,First
1840,95500,297,First
1841,19525,170,Economy
1842,8444,96,Economy
1843,15041,449,Business
1844,66448,228,Economy
1845,30865,354,Economy
1846,14247,174,Economy
1847,38510,21,Economy
1848,58277,436,Economy
1849,4385,394,Economy
1850,48437,170,Economy
1851,16786,278,Economy
1852,29437,52,Economy
1853,44463,39,Economy
1854,82164,355,Economy
1855,37592,406,Economy
1856,52734,231,Economy
1857,20173,287,First
1858,79334,82,Economy
1859,10722,356,Economy
1860,14084,74,Business
1861,64655,27,Economy
1862,94286,318,Business
1863,19450,442,Economy
1864,98441,292,Economy
1865,65455,377,Economy
1866,71663,354,Economy
1867,59048,36,Economy
1868,13582,166,Economy
1869,48238,161,Economy
1870,72768,254,First
1871,50592,214,Economy
1872,81860,85,Economy
1873,25167,234,Economy
1874,59525,382,Economy
1875,3143,238,Economy
1876,43387,295,Economy
1877,45957,196,Economy
1878,8131,288,Business
1879,88535,312,Economy
1880,10891,447,Economy
1881,22773,261,Economy
1882,30816,208,Economy
1883,38513,455,Economy
1884,38402,237,Economy
1885,67463,112,Economy
1886,94918,262,Economy
1887,43745,111,Economy
1888,57550,342,First
1889,69775,487,Economy
1890,33810,450,Economy
1891,92149,331,Economy
1892,82015,465,Business
1893,68051,286,Economy
1894,43000,294,Economy
1895,77379,93,Economy
1896,7860,471,Economy
1897,58585,456,Economy
1898,69537,443,Economy
1899,55007,18,Economy
1900,84061,10,Economy
1901,10608,145,Economy
1902,4182,231,Economy
1903,1909,328,Economy
1904,38469,334,Economy
1905,6575,180,Business
1906,93688,477,Economy
1907,59283,86,Economy
1908,34235,93,Economy
1909,52963,159,Economy
1910,29765,333,Economy
1911,49035,316,First
1912,22699,375,Economy
1913,31074,406,Economy
1914,93678,65,First
1915,51102,228,Economy
1916,35324,351,Business
1917,32527,311,Economy
1918,11695,76,Economy
1919,13912,492,Economy
1920,88932,423,Economy
1921,90881,378,Economy
1922,45709,258,Economy
1923,19366,359,Economy
1924,11349,78,Economy
1925,64913,44,Business
1926,70288,55,Economy
1927,66248,156,Economy
1928,52884,70,Economy
1929,45791,225,Economy
1930,61835,233,Economy
1931,9851,134,Economy
1932,75742,450,Economy
1933,58863,439,Economy
1934,8868,335,Economy
1935,48404,72,Economy
1936,89400,383,Economy
1937,71262,364,Economy
1938,38867,178,Economy
1939,55797,473,Economy
1940,70801,109,Economy
1941,82315,141,Economy
1942,79709,485,Economy
1943,11075,399,Economy
1944,28399,288,First
1945,48890,398,Economy
1946,23227,498,Economy
1947,86282,457,Economy
1948,37595,256,Economy
1949,28453,7,Economy
1950,86314,67,Economy
1951,69651,433,Economy
1952,82990,172,Business
1953,4257,175,Economy
1954,37347,115,Economy
1955,14905,278,Economy
1956,21776,195,Economy
1957,8758,150,Economy
1958,54246,178,Economy
1959,80740,65,Economy
1960,73413,369,Economy
1961,30444,487,Business
1962,43940,487,Economy
1963,31394,415,Economy
1964,67764,251,Economy
1965,73011,140,Economy
1966,25833,12,Economy
1967,48460,210,First
1968,74423,284,Economy
1969,53362,24,Economy
1970,62594,217,Economy
1971,61562,417,Economy
1972,41387,433,Economy
1973,4853,118,Economy
1974,40934,405,Economy
1975,54241,395,First
1976,74598,221,Economy
1977,66940,193,Economy
1978,80674,335,Economy
1979,61,208,Economy
1980,79367,353,Economy
1981,67397,160,Economy
1982,96543,104,First
1983,3148,196,Economy
1984,52287,306,Economy
1985,1457,23,First
1986,80985,91,Economy
1987,79672,483,Economy
1988,14728,84,Economy
1989,66824,171,Economy
1990,82863,479,Economy
1991,25858,489,Economy
1992,96052,17,Economy
1993,53879,149,Economy
1994,60733,76,Business
1995,78960,495,Economy
1996,33419,66,Economy
1997,21670,413,Economy
1998,95986,336,Economy
1999,16813,400,Economy
2000,77804,154,Economy
